state	2020-02-25	2020-02-26	2020-02-27	2020-02-28	2020-02-29	2020-03-01	2020-03-02	2020-03-03	2020-03-04	2020-03-05	2020-03-06	2020-03-07	2020-03-08	2020-03-09	2020-03-10	2020-03-11	2020-03-12	2020-03-13	2020-03-14	2020-03-15	2020-03-16	2020-03-17	2020-03-18	2020-03-19	2020-03-20	2020-03-21	2020-03-22	2020-03-23	2020-03-24	2020-03-25	2020-03-26	2020-03-27	2020-03-28	2020-03-29	2020-03-30	2020-03-31	2020-04-01	2020-04-02	2020-04-03	2020-04-04	2020-04-05	2020-04-06	2020-04-07	2020-04-08	2020-04-09	2020-04-10	2020-04-11	2020-04-12	2020-04-13	2020-04-14	2020-04-15	2020-04-16	2020-04-17	2020-04-18	2020-04-19	2020-04-20	2020-04-21	2020-04-22	2020-04-23	2020-04-24	2020-04-25	2020-04-26	2020-04-27	2020-04-28	2020-04-29	2020-04-30	2020-05-01	2020-05-02	2020-05-03	2020-05-04	2020-05-05	2020-05-06	2020-05-07	2020-05-08	2020-05-09	2020-05-10	2020-05-11	2020-05-12	2020-05-13	2020-05-14	2020-05-15	2020-05-16	2020-05-17	2020-05-18	2020-05-19	2020-05-20	2020-05-21	2020-05-22	2020-05-23	2020-05-24	2020-05-25	2020-05-26	2020-05-27	2020-05-28	2020-05-29	2020-05-30	2020-05-31	2020-06-01	2020-06-02	2020-06-03	2020-06-04	2020-06-05	2020-06-06	2020-06-07	2020-06-08	2020-06-09	2020-06-10	2020-06-11	2020-06-12	2020-06-13	2020-06-14	2020-06-15	2020-06-16	2020-06-17	2020-06-18	2020-06-19	2020-06-20	2020-06-21	2020-06-22	2020-06-23	2020-06-24	2020-06-25	2020-06-26	2020-06-27	2020-06-28	2020-06-29	2020-06-30	2020-07-01	2020-07-02	2020-07-03	2020-07-04	2020-07-05	2020-07-06	2020-07-07	2020-07-08	2020-07-09	2020-07-10	2020-07-11	2020-07-12	2020-07-13	2020-07-14	2020-07-15	2020-07-16	2020-07-17	2020-07-18	2020-07-19	2020-07-20	2020-07-21	2020-07-22	2020-07-23	2020-07-24	2020-07-25	2020-07-26	2020-07-27	2020-07-28	2020-07-29	2020-07-30	2020-07-31	2020-08-01	2020-08-02	2020-08-03	2020-08-04	2020-08-05	2020-08-06	2020-08-07	2020-08-08	2020-08-09	2020-08-10	2020-08-11	2020-08-12	2020-08-13	2020-08-14	2020-08-15	2020-08-16	2020-08-17	2020-08-18	2020-08-19	2020-08-20	2020-08-21	2020-08-22	2020-08-23	2020-08-24	2020-08-25	2020-08-26	2020-08-27	2020-08-28	2020-08-29	2020-08-30	2020-08-31	2020-09-01	2020-09-02	2020-09-03	2020-09-04	2020-09-05	2020-09-06	2020-09-07	2020-09-08	2020-09-09	2020-09-10	2020-09-11	2020-09-12	2020-09-13	2020-09-14	2020-09-15	2020-09-16	2020-09-17	2020-09-18	2020-09-19	2020-09-20	2020-09-21	2020-09-22	2020-09-23	2020-09-24	2020-09-25	2020-09-26	2020-09-27	2020-09-28	2020-09-29	2020-09-30	2020-10-01	2020-10-02	2020-10-03	2020-10-04	2020-10-05	2020-10-06	2020-10-07	2020-10-08	2020-10-09	2020-10-10	2020-10-11	2020-10-12	2020-10-13	2020-10-14	2020-10-15	2020-10-16	2020-10-17	2020-10-18	2020-10-19	2020-10-20	2020-10-21	2020-10-22	2020-10-23	2020-10-24	2020-10-25	2020-10-26	2020-10-27	2020-10-28	2020-10-29	2020-10-30	2020-10-31	2020-11-01	2020-11-02	2020-11-03	2020-11-04	2020-11-05	2020-11-06	2020-11-07	2020-11-08	2020-11-09	2020-11-10	2020-11-11	2020-11-12	2020-11-13	2020-11-14	2020-11-15	2020-11-16	2020-11-17	2020-11-18	2020-11-19	2020-11-20	2020-11-21	2020-11-22	2020-11-23	2020-11-24	2020-11-25	2020-11-26	2020-11-27	2020-11-28	2020-11-29	2020-11-30	2020-12-01	2020-12-02	2020-12-03	2020-12-04	2020-12-05	2020-12-06	2020-12-07	2020-12-08	2020-12-09	2020-12-10	2020-12-11	2020-12-12	2020-12-13	2020-12-14	2020-12-15	2020-12-16	2020-12-17	2020-12-18	2020-12-19	2020-12-20	2020-12-21	2020-12-22	2020-12-23	2020-12-24	2020-12-25	2020-12-26	2020-12-27	2020-12-28	2020-12-29	2020-12-30	2020-12-31	2021-01-01	2021-01-02	2021-01-03	2021-01-04	2021-01-05	2021-01-06	2021-01-07	2021-01-08	2021-01-09	2021-01-10	2021-01-11	2021-01-12	2021-01-13	2021-01-14	2021-01-15	2021-01-16	2021-01-17	2021-01-18	2021-01-19	2021-01-20	2021-01-21	2021-01-22	2021-01-23	2021-01-24	2021-01-25	2021-01-26	2021-01-27	2021-01-28	2021-01-29	2021-01-30	2021-01-31	2021-02-01	2021-02-02	2021-02-03	2021-02-04	2021-02-05	2021-02-06	2021-02-07	2021-02-08	2021-02-09	2021-02-10	2021-02-11	2021-02-12	2021-02-13	2021-02-14	2021-02-15	2021-02-16	2021-02-17	2021-02-18	2021-02-19	2021-02-20	2021-02-21	2021-02-22	2021-02-23	2021-02-24	2021-02-25	2021-02-26	2021-02-27	2021-02-28	2021-03-01	2021-03-02	2021-03-03	2021-03-04	2021-03-05	2021-03-06	2021-03-07	2021-03-08	2021-03-09	2021-03-10	2021-03-11	2021-03-12	2021-03-13	2021-03-14	2021-03-15	2021-03-16	2021-03-17	2021-03-18	2021-03-19	2021-03-20	2021-03-21	2021-03-22	2021-03-23	2021-03-24	2021-03-25	2021-03-26	2021-03-27	2021-03-28	2021-03-29	2021-03-30	2021-03-31	2021-04-01	2021-04-02	2021-04-03	2021-04-04	2021-04-05	2021-04-06	2021-04-07	2021-04-08	2021-04-09	2021-04-10	2021-04-11	2021-04-12	2021-04-13	2021-04-14	2021-04-15	2021-04-16	2021-04-17	2021-04-18	2021-04-19	2021-04-20	2021-04-21	2021-04-22	2021-04-23	2021-04-24	2021-04-25	2021-04-26	2021-04-27	2021-04-28	2021-04-29	2021-04-30	2021-05-01	2021-05-02	2021-05-03	2021-05-04	2021-05-05	2021-05-06	2021-05-07	2021-05-08	2021-05-09	2021-05-10	2021-05-11	2021-05-12	2021-05-13	2021-05-14	2021-05-15	2021-05-16	2021-05-17	2021-05-18	2021-05-19	2021-05-20	2021-05-21	2021-05-22	2021-05-23	2021-05-24	2021-05-25	2021-05-26	2021-05-27	2021-05-28	2021-05-29	2021-05-30	2021-05-31	2021-06-01	2021-06-02	2021-06-03	2021-06-04	2021-06-05	2021-06-06	2021-06-07	2021-06-08	2021-06-09	2021-06-10	2021-06-11	2021-06-12	2021-06-13	2021-06-14	2021-06-15	2021-06-16	2021-06-17	2021-06-18	2021-06-19	2021-06-20	2021-06-21	2021-06-22	2021-06-23	2021-06-24	2021-06-25	2021-06-26	2021-06-27	2021-06-28	2021-06-29	2021-06-30	2021-07-01	2021-07-02	2021-07-03	2021-07-04	2021-07-05	2021-07-06	2021-07-07	2021-07-08	2021-07-09	2021-07-10	2021-07-11	2021-07-12	2021-07-13	2021-07-14	2021-07-15	2021-07-16	2021-07-17	2021-07-18	2021-07-19	2021-07-20	2021-07-21	2021-07-22	2021-07-23	2021-07-24	2021-07-25	2021-07-26	2021-07-27	2021-07-28	2021-07-29	2021-07-30	2021-07-31	2021-08-01	2021-08-02	2021-08-03	2021-08-04	2021-08-05	2021-08-06	2021-08-07	2021-08-08	2021-08-09	2021-08-10	2021-08-11	2021-08-12	2021-08-13	2021-08-14	2021-08-15	2021-08-16	2021-08-17	2021-08-18	2021-08-19	2021-08-20	2021-08-21	2021-08-22	2021-08-23	2021-08-24	2021-08-25	2021-08-26	2021-08-27	2021-08-28	2021-08-29	2021-08-30	2021-08-31	2021-09-01	2021-09-02	2021-09-03	2021-09-04	2021-09-05	2021-09-06	2021-09-07	2021-09-08	2021-09-09	2021-09-10	2021-09-11	2021-09-12	2021-09-13	2021-09-14	2021-09-15	2021-09-16	2021-09-17	2021-09-18
AC	0	0	0	0	0	0	0	0	0	0	0	0	0	0	0	0	0	0	0	0	0	3	0	1	3	4	0	6	4	2	1	1	0	9	8	0	1	2	1	0	2	2	0	8	4	8	2	5	13	9	2	14	20	7	21	13	19	19	13	7	24	21	22	16	37	50	83	66	105	75	84	126	71	163	158	112	13	130	104	46	45	82	130	237	248	335	286	240	524	293	341	280	470	349	241	231	147	107	139	214	342	263	241	458	145	329	289	345	204	239	108	129	232	336	325	323	276	118	158	271	212	282	340	269	145	88	107	462	333	64	375	135	66	253	226	298	303	312	110	70	219	193	193	100	237	93	167	238	279	178	236	264	88	38	349	234	207	52	305	36	373	371	323	230	113	122	89	32	138	236	249	193	81	32	57	328	213	176	15	328	54	10	207	183	150	193	139	37	9	193	187	108	114	159	35	26	25	174	209	127	144	18	10	111	176	253	226	119	18	27	140	151	159	154	149	15	11	145	192	187	146	107	10	15	118	13	16	183	14	19	13	209	29	105	192	95	25	47	100	60	103	93	96	87	13	63	165	93	120	38	155	3	8	256	30	78	249	132	81	138	187	402	146	330	165	139	180	250	251	270	189	191	223	204	135	116	452	164	160	179	304	183	153	253	125	44	107	128	116	230	248	213	49	216	84	226	228	175	528	127	253	65	85	239	85	13	164	110	222	123	265	69	252	105	71	53	208	100	336	94	219	219	86	353	283	88	465	146	8	433	221	300	258	252	190	110	235	345	342	475	411	120	353	229	498	397	178	332	92	148	575	410	493	376	372	107	428	135	302	238	432	181	43	183	622	290	376	474	606	197	360	187	425	378	616	570	218	368	65	400	273	315	623	288	320	438	343	513	644	397	171	513	331	454	548	485	798	167	163	198	554	331	863	211	95	173	90	460	523	494	378	150	188	394	526	131	383	287	71	194	41	239	333	164	227	144	224	175	152	237	268	213	136	173	115	170	279	211	176	75	125	34	208	237	222	161	61	162	29	98	109	438	113	65	92	146	199	130	169	58	271	46	57	172	184	186	117	66	44	59	64	192	374	65	70	163	67	46	37	200	125	37	69	19	106	85	145	110	80	33	30	30	180	61	74	26	86	14	123	176	104	54	13	14	11	52	51	49	20	16	49	14	14	87	11	81	16	35	12	54	20	55	13	6	39	2	44	59	88	10	0	33	1	45	8	9	2	2	3	110	5	31	33	7	2	2	42	5	32	37	4	1	1	19	8	4	20	20	0	2	22	1	3	4	0	4	3	0	2	8	1	5
AL	0	0	0	0	0	0	0	0	0	0	0	0	1	0	0	0	0	0	0	0	0	0	0	3	2	1	0	1	2	1	0	1	2	3	0	1	0	0	5	0	5	3	3	3	0	8	3	0	10	14	11	6	21	22	27	12	39	33	81	89	88	59	83	134	180	88	181	146	69	97	68	97	164	166	139	86	85	237	181	211	240	381	223	215	288	118	479	386	328	584	468	376	522	476	563	604	1065	549	722	848	690	842	879	889	633	853	983	1024	831	856	1312	763	670	1235	766	1273	792	959	738	853	982	835	799	657	791	805	845	857	509	1076	851	680	634	955	798	869	768	674	697	966	709	859	870	519	330	496	228	644	729	849	1184	1017	646	828	938	982	855	746	1267	1248	538	573	843	899	823	832	865	624	698	816	878	603	844	658	204	763	439	482	217	631	387	638	399	423	438	419	309	154	167	454	292	247	306	359	255	69	80	226	238	110	588	202	102	263	388	52	263	652	558	212	288	551	194	184	187	170	99	156	330	625	246	178	170	37	148	143	112	115	137	36	54	74	128	110	86	87	128	35	116	102	101	147	130	53	77	130	113	67	107	118	31	98	98	126	128	137	196	115	130	91	101	126	162	152	116	46	173	136	172	122	114	81	129	139	207	145	332	221	246	125	168	236	255	255	402	332	152	189	275	314	386	229	435	316	310	773	296	312	359	307	158	302	433	391	258	298	426	197	371	380	319	273	270	353	318	378	471	398	349	481	433	278	499	401	392	460	396	475	281	373	379	378	351	457	507	667	547	563	433	394	514	481	452	521	347	370	570	427	239	451	458	422	466	508	626	670	749	632	650	626	389	502	349	309	545	399	472	669	483	680	499	456	519	577	623	530	617	541	652	580	726	864	712	697	1048	1154	794	1074	977	1007	1063	423	540	574	701	669	724	734	386	656	624	709	620	991	429	283	808	739	753	689	614	1228	149	714	802	789	597	1057	1247	331	362	871	475	518	873	473	291	746	674	799	541	814	693	246	531	889	599	854	625	1190	306	566	684	774	536	734	691	676	545	507	963	391	586	896	140	488	793	606	369	870	300	522	535	745	600	1036	621	1177	680	775	785	870	653	969	734	900	712	1083	649	852	941	1208	730	855	457	858	400	859	779	983	709	516	513	745	645	1121	281	771	642	538	628	526	337	202	263	659	170	306	536	399	166	246	476	234	248	531	479	63	328	360	180	337	313	109	62	215	411	468	184	250	103	21	137	208	160	81	266	319	214	117	173	143	142	143	198	117	154	374	301	232	229	167	44	72	126	97	111	315	181	173	63	41	82	40	116	63	27	78	63	103	26	142
AM	0	0	0	0	0	0	0	0	0	0	0	0	0	0	0	0	0	2	0	0	0	0	0	1	4	4	15	6	15	7	13	14	30	29	11	24	25	29	31	51	106	115	104	168	95	82	69	156	69	209	70	165	90	88	147	116	110	209	409	306	441	198	95	409	464	453	469	339	621	630	796	1134	856	628	1198	674	320	1249	1648	1365	1211	1285	651	585	1219	1572	1663	1671	1764	1065	415	1667	1559	2638	2763	1651	818	396	1421	1152	2126	1193	1119	484	548	1417	1615	1140	1122	915	480	271	1241	1529	1189	947	1219	508	321	1342	1691	503	953	802	627	244	930	1461	1246	1007	1408	69	413	2740	915	1236	1189	723	296	886	1388	1144	1081	797	1712	379	476	775	557	1498	1205	670	369	616	1039	975	1047	800	837	347	262	883	981	804	803	571	522	247	908	815	882	975	464	671	351	618	711	743	457	577	246	177	787	833	671	761	1015	201	236	623	874	727	667	539	85	94	318	736	701	763	516	193	275	743	701	650	858	1214	184	163	767	726	876	916	964	247	292	1256	1362	914	959	938	245	191	998	921	875	866	805	419	8	399	654	848	418	1402	411	261	938	1669	765	966	779	349	344	1050	865	1013	838	249	291	165	421	839	671	0	1324	270	305	802	715	603	507	569	168	219	906	703	957	740	488	131	303	799	719	916	928	658	191	209	1065	698	879	789	706	331	207	955	438	821	843	342	554	451	651	988	894	1156	706	302	351	1217	862	999	401	201	429	318	1447	1369	1443	561	293	546	559	1928	2192	1706	2342	1856	965	2151	1958	1474	3816	3151	2856	1277	1790	1537	5009	2202	3975	3404	1152	1222	3525	3146	1852	2116	4420	1400	1323	2460	2685	2689	2238	2965	985	919	1442	2744	2205	2445	1828	632	925	1808	1808	2141	1950	1664	753	1161	2147	1608	1420	1572	1688	489	580	1576	704	924	2355	1383	493	461	1610	1349	1240	1247	1162	596	541	1299	824	962	1957	1025	674	460	1275	1183	1165	1091	1112	474	510	1490	1313	1165	830	746	448	664	953	1098	960	1172	737	535	489	995	820	893	773	701	484	442	734	671	536	829	544	371	426	715	634	696	592	530	412	410	675	599	545	630	495	211	320	695	595	666	579	507	210	312	663	586	620	599	515	337	358	535	600	654	721	473	246	344	620	671	585	456	450	350	286	550	677	795	716	604	314	383	726	503	620	684	499	225	393	720	511	645	661	471	248	414	552	342	665	575	495	221	302	719	543	701	718	492	267	250	578	552	616	584	515	230	273	509	651	601	412	295	260	231	445	489	568	529	337	176	231	390	587	343	455	400	156	294	430	350	378	354	178	119	177	269	273	245	178	173	190	88	162	216	177	131	126	63	109	151	147	134	175	96	84	79	67	62	214	88	79	60	59	76	80	63	63	53
AP	0	0	0	0	0	0	0	0	0	0	0	0	0	0	0	0	0	0	0	0	0	0	0	0	1	0	0	0	0	1	0	1	1	4	0	2	1	1	7	10	3	7	12	56	21	38	27	44	7	64	34	20	13	25	16	19	31	26	63	93	41	132	21	76	98	64	41	66	295	251	198	115	153	123	171	120	58	239	95	423	202	204	118	71	287	239	639	467	436	262	231	383	652	533	317	844	289	288	621	596	444	776	446	272	249	477	852	543	517	639	190	301	1211	594	769	535	1652	266	3022	1575	482	496	247	239	84	268	239	435	226	421	235	74	121	290	230	239	317	199	85	188	333	523	596	432	149	120	440	260	255	178	188	136	58	144	333	276	299	196	127	44	165	195	319	417	229	175	69	191	237	165	214	229	187	87	185	254	254	392	272	156	89	134	299	428	304	340	146	121	301	321	286	264	390	228	88	93	136	252	278	136	124	64	102	162	149	106	229	137	125	83	189	229	152	141	88	50	140	119	200	131	144	73	26	73	113	149	122	130	88	83	38	169	152	145	182	78	41	72	119	212	228	146	106	53	65	235	96	352	155	145	325	153	179	0	0	0	0	178	320	244	216	266	361	421	141	177	226	270	233	200	151	312	374	421	355	345	257	535	121	175	292	427	541	360	302	124	216	214	318	296	543	278	271	288	388	314	246	203	357	106	207	290	226	194	89	72	431	425	256	297	499	160	80	127	207	321	373	405	470	332	226	385	402	360	373	402	389	204	209	419	265	225	339	180	195	151	241	299	371	377	196	157	363	325	260	224	210	223	153	191	284	230	331	356	183	154	135	277	271	259	219	185	144	360	228	262	194	217	226	158	222	292	306	325	257	310	203	301	467	328	421	384	313	255	316	755	704	775	480	438	495	452	649	578	596	682	433	249	550	711	632	502	280	280	294	339	471	584	380	276	247	183	269	309	304	271	305	166	114	258	246	113	227	149	128	71	210	253	193	169	621	217	203	266	253	253	244	187	210	210	102	195	193	167	265	161	190	202	207	146	152	129	123	374	251	199	226	201	244	239	174	185	121	166	245	128	96	121	140	156	173	81	184	95	112	563	402	184	136	127	164	91	164	205	172	225	103	143	89	148	135	197	149	178	120	155	137	139	191	230	146	164	131	150	104	130	115	113	176	183	140	114	121	129	131	112	70	87	78	81	114	80	62	66	58	42	106	52	76	48	43	16	99	44	66	27	51	22	28	18	68	51	38	16	8	27	18	27	25	25	17	10	10	7	12	18	24	12	15	32	7	11	8	26	3	7	1	6	7	11	16	21
BA	0	0	0	0	0	0	0	0	0	0	1	1	0	0	0	1	0	4	0	2	1	4	13	4	3	7	14	8	16	12	17	15	4	29	20	41	29	21	23	46	65	36	25	53	53	48	24	34	49	53	108	83	97	136	49	128	127	141	200	134	137	132	108	208	112	191	273	175	251	168	306	261	227	291	356	384	249	397	344	407	1174	186	128	438	2132	184	744	616	443	899	305	362	503	893	954	709	766	506	2532	1021	1012	2956	977	854	465	1766	2204	1206	774	1123	614	1219	1586	1720	651	2345	1382	975	807	1998	2847	2360	2130	8822	3251	972	3840	3178	2864	2965	3171	1563	1231	3675	3582	2783	2867	3002	1575	1128	3138	2964	3380	2284	1581	1931	1123	3552	6401	5113	4409	3632	1780	930	4204	4021	4296	4524	2772	1550	915	3999	4348	3953	4202	3508	1628	1068	4670	4253	3935	4038	3386	1651	1085	3926	3618	3937	1147	4461	1846	1158	3731	4082	2832	3124	3813	1272	665	2691	2881	3440	2398	2040	1078	708	851	2274	2239	2182	2156	852	718	2213	2237	1970	2364	2191	1093	693	1809	1610	1833	1810	2128	850	593	1623	2274	1524	1354	1307	729	565	2142	1834	1817	1412	1754	993	677	693	2460	1575	1536	1799	654	881	1762	1221	1450	1861	1488	691	1244	1772	1990	1566	1423	457	886	533	407	770	3377	2006	1427	583	840	1955	1728	1590	2119	1349	1282	712	653	2071	2849	1870	1781	958	1418	1465	3123	1472	1919	4204	2915	1652	3118	3228	3268	4049	2310	4080	1580	3330	3752	4876	3883	2920	1196	2465	4114	4866	4920	3057	3920	1657	1517	2688	3090	2598	1211	1349	1624	748	3206	2847	2862	1284	602	722	815	3077	3038	2980	2777	2497	1649	915	2105	3094	4113	5471	5832	3401	2548	4004	4991	4455	4130	4566	2854	1423	3349	3970	3645	4173	4078	2148	1128	3536	3370	3295	3357	3270	1884	1809	3584	3450	3253	3636	3587	2584	1796	3849	3733	4017	4140	4100	1851	2146	5025	4398	4917	4563	6520	3133	2020	3397	5329	5985	5607	4525	3105	1413	4650	5499	4975	5124	4482	2916	1163	4608	4749	4584	4448	4518	1698	1598	4061	4830	4237	4738	3185	2956	1068	3924	4235	4797	3347	1986	1855	2073	3581	3712	3451	4283	3213	3433	1581	4104	3547	3831	3413	3889	2574	1430	4283	3625	2160	3652	3319	3241	1811	4076	3345	3997	3568	4272	2008	2791	3108	3931	3471	4579	3436	2156	1438	4244	4309	4140	4029	4043	2554	1917	3890	5111	5182	4801	4461	2875	1380	4942	5455	4099	4060	6643	0	2034	4280	4887	4620	2531	3936	3070	2400	3427	6733	4947	4146	5565	2005	1805	5347	5885	5253	4998	4737	4567	2160	5046	4224	3535	2088	3016	1719	1281	2903	1683	3438	3618	3211	1906	1210	3235	2852	3088	4479	3810	2281	1297	2513	2230	1660	2555	2915	2131	1190	654	3088	2377	1941	1641	1125	774	1337	1417	2025	1301	1396	627	638	553	1906	1595	1267	1675	484	386	1456	1040	1362	1118	1082	551	320	923	953	978	715	1006	366	350	844	662	1086	1018	790	387	341	624	805	830	814	528	210	195	324	170	590	439	0	640	160	444	471	458	637	270
CE	0	0	0	0	0	0	0	0	0	0	0	0	0	0	0	0	0	0	0	0	9	1	9	5	44	16	41	39	21	26	26	45	40	37	23	19	44	120	93	87	218	83	143	205	51	113	110	79	189	136	220	120	335	315	246	179	229	400	586	419	546	593	523	202	426	450	139	309	70	2661	430	840	1578	1246	745	813	907	813	744	1921	1982	736	460	2108	1749	2448	853	3160	549	473	590	836	254	546	574	9427	667	2015	4179	1373	3739	2381	1399	696	1947	2805	2924	2745	1092	645	404	3020	2316	3437	2526	2309	1956	469	1842	3347	1523	3540	2152	1794	529	632	2258	3555	2481	1792	3153	522	1408	2748	3456	1726	3286	1391	789	444	2203	2395	2226	2006	908	406	440	3254	3309	1884	3688	1891	242	343	3274	3435	2427	3097	1709	402	199	3004	2477	1647	2463	1726	349	385	2517	1112	2646	1369	714	310	561	1576	1373	1221	577	1932	510	434	1756	1732	1690	2185	856	363	496	2342	1119	1626	2065	74	233	61	411	979	984	1174	1054	374	350	1451	1156	1104	1440	650	291	229	1102	1369	556	710	725	480	403	674	1020	862	469	330	271	11497	1444	1377	947	386	1025	387	182	306	862	1327	1341	73	857	773	441	1405	624	910	815	308	489	698	725	904	549	442	156	332	352	987	1060	180	801	297	636	336	667	2482	992	745	1458	1008	955	865	1056	934	828	305	1632	867	1159	2518	519	1278	544	1117	355	196	1366	700	575	197	3633	895	2900	1693	913	0	1262	745	3308	696	1206	970	645	435	953	990	635	621	692	33	117	1914	1090	1921	3085	512	70	189	212	2068	1269	1889	1686	790	325	233	2283	1394	1659	1160	2248	0	2138	868	1419	1274	1295	1378	1616	1673	1149	933	1523	1055	0	3311	1413	1604	1563	1362	1440	1604	0	2222	2265	965	2808	0	2793	1256	1589	12060	0	0	-1582	1719	2215	997	2588	2298	3579	2413	1817	1912	1803	1870	3970	3769	3561	2737	2392	1929	2737	3046	5457	5749	4192	1970	3285	6093	3850	4303	4825	2981	1370	12619	151	3578	1808	0	6249	4380	4046	3752	4586	4185	3660	1853	2742	7422	5093	0	11306	5086	3703	3980	2752	6167	0	0	12331	10423	2775	734	3911	6917	5979	4852	4044	2664	2985	6711	2605	3079	7189	2686	868	9755	5274	4260	3998	4982	5985	4337	3063	2495	4625	3476	4245	6703	2826	2302	3358	2799	6054	3545	5741	4914	2759	2677	4661	4168	3186	7494	2493	1289	3399	4474	6132	3274	2828	3436	1684	1876	0	6406	1979	4057	4131	2837	4340	3679	2235	3186	2841	2013	989	3025	1424	651	3424	2610	1753	775	4296	1268	1017	2173	2020	731	572	1408	1886	882	3781	567	0	396	981	1331	2994	0	1082	442	185	359	1457	1476	943	565	630	357	1016	986	651	732	829	256	82	752	0	1187	926	636	286	182	549	592	442	251	670	230	133	607	435	594	548	357	139	0	85	525	284	862	336	0	169	240	242	464	255	412	385	171	242	306	68	75	266	47	18	761	110	17	113	209
DF	0	0	0	0	0	0	0	0	0	0	0	1	0	0	0	1	0	0	6	6	5	3	12	8	45	21	9	21	23	34	6	40	19	38	14	21	37	30	19	37	12	17	18	6	18	29	36	26	23	10	37	39	29	40	64	15	38	46	9	44	8	105	64	41	83	110	123	59	115	73	44	209	212	184	134	106	117	180	213	224	371	353	228	251	234	418	271	406	303	387	292	280	551	539	422	752	306	730	746	764	903	1285	1642	773	325	1142	1343	1074	889	563	912	813	1696	1760	1381	2381	1336	989	921	1220	1886	1617	2455	1440	2139	2166	2147	1458	1605	1715	1764	2094	2529	2311	1620	1363	1620	1109	2306	1572	1370	1725	2242	1779	1763	1249	1875	1789	1725	2222	2391	1773	2145	2148	2246	1616	2100	1850	1630	2106	2016	1880	2042	2034	1903	1921	1233	3012	1415	1700	1986	1996	1848	1453	2268	1435	1592	1997	1693	1675	1871	1521	3171	1563	1610	1317	1346	1270	1246	1456	1151	1254	1297	1405	1012	1189	933	969	923	918	1097	1191	1084	826	1076	1021	1075	1177	653	806	794	705	891	950	713	905	992	812	928	882	915	741	630	554	820	582	823	615	762	466	377	818	828	728	790	728	653	752	556	815	590	565	526	608	776	629	668	698	622	483	211	180	566	453	300	471	424	539	472	509	423	686	533	700	280	411	628	495	756	554	542	280	859	496	860	824	884	494	627	444	976	783	521	1355	595	355	645	1104	842	792	831	689	462	1036	737	531	899	913	622	409	1000	629	525	552	329	650	615	1193	721	678	566	376	797	481	955	1565	0	807	673	798	658	986	1000	659	766	706	828	471	1047	612	620	834	1054	956	821	1148	1056	1052	1174	1087	884	538	797	409	656	430	624	573	403	544	525	578	545	512	595	537	738	561	583	645	864	748	843	951	582	1361	1068	1129	704	1079	2142	563	1520	1266	1500	1692	874	2288	1008	1551	1858	1565	1660	1699	2056	1429	1321	1890	1507	1739	1080	1854	1397	1195	1805	2141	1636	1236	1592	1353	1253	1318	1191	1814	1088	1388	904	1139	1610	1742	1203	1361	1002	899	1356	965	1108	1194	1062	1261	955	884	878	1033	844	938	1087	918	1221	929	1127	969	887	829	763	799	1001	820	912	925	832	766	892	939	688	883	894	1049	592	990	874	898	730	735	899	839	789	1205	993	1015	811	902	836	801	487	1120	912	1028	877	744	714	631	822	1254	1150	810	570	889	800	771	1014	905	795	690	602	665	856	786	920	666	618	825	690	620	721	1013	609	594	697	577	667	599	478	720	419	663	453	753	517	498	474	480	577	517	868	759	712	636	582	636	676	738	762	699	705	324	633	665	992	583	321	594	447	662	661	600	1043	498	768	479	582	503	762	843	412	1131	482	739	546	853	571	680	996	531	1185	1021	1054	689	663	1060	646	803	525	578	589	734	805	876	638	630	738	794
ES	0	0	0	0	0	0	0	0	0	0	1	0	0	0	0	0	0	0	0	0	0	0	8	4	3	10	0	7	7	0	8	6	7	11	13	12	23	19	14	13	28	15	18	46	27	49	34	47	33	94	177	201	17	147	96	17	101	38	102	212	46	108	125	220	374	150	225	191	104	143	189	174	274	254	170	187	220	268	314	412	385	397	149	413	536	802	383	642	398	89	358	524	595	719	700	534	253	595	866	970	773	1215	841	669	1040	1305	1427	1037	1074	509	458	1183	1378	1477	1265	1460	1006	628	1281	680	1656	1923	1246	0	2031	1414	1796	1928	1421	1447	1135	569	1154	2156	2138	1168	1352	1032	480	1008	1332	1139	1766	1345	668	478	1094	902	1150	855	1244	744	603	979	1288	1179	1239	1406	522	441	960	994	1034	1300	1380	1223	645	1278	1409	1275	1196	1157	659	815	1279	1015	1216	1079	819	645	259	602	697	718	753	831	532	326	912	809	755	932	941	472	333	288	785	692	868	676	540	194	704	722	736	761	802	447	571	894	686	735	762	897	457	470	604	918	776	860	675	719	552	705	849	740	740	769	363	471	822	946	847	871	674	861	461	1000	818	1162	660	1094	505	663	959	940	788	1127	605	985	297	663	1069	1018	1045	1077	318	1220	644	1587	1029	1311	1359	481	1089	1309	1687	1314	1062	1603	583	673	1358	1789	1549	1946	1773	1768	587	1072	1972	1852	1612	1667	1843	1310	1890	2418	2419	1524	2076	1720	820	2414	2400	2989	2292	2139	1887	1496	1679	2340	1734	1744	740	1448	610	3517	1698	2676	1324	1020	973	1405	1466	2496	1684	1646	2029	1187	1347	2052	1895	1772	1818	1990	1478	995	1853	1682	1387	1618	1952	858	800	1551	1155	1246	1169	1613	642	1099	1230	1282	1120	1463	1505	1132	993	886	1119	1570	1534	1436	776	588	515	407	929	1062	1634	1254	1175	1073	1371	1447	1413	1183	1089	990	1210	1086	1042	1685	1562	1324	673	1331	1364	1472	1882	1510	1345	974	1779	2426	2146	2261	2105	2281	1642	2312	2136	2267	2492	1726	2327	1550	1865	3532	2868	1994	1745	1614	767	2284	2501	2562	2626	2460	1736	1436	1196	1540	2374	2269	2412	1605	1331	1710	1924	1511	1897	1709	1023	937	1391	1906	1754	2201	1786	1181	907	1228	1706	1518	1683	1704	958	677	1459	1783	2012	1903	1724	1197	711	1711	1875	1635	1987	1826	1182	826	1492	1761	1958	1972	1707	1062	609	1502	1935	1879	1124	829	828	444	1229	1982	1780	1153	1638	889	683	1309	1439	1609	1355	1522	779	661	1168	1166	1607	1340	1013	875	534	695	1282	1101	990	836	634	663	1091	1036	1223	1004	1208	726	404	909	742	902	1094	1077	921	401	872	990	969	885	789	557	447	676	689	700	515	698	373	271	421	556	716	906	447	337	234	462	750	789	627	926	472	538	485	719	937	1089	1015	500	189	716	817	874	719	912	519	506	750	826	777	630	700	840	451	608	649	706	876	806	742	626	763	841	908	587	1085	557
GO	0	0	0	0	0	0	0	0	0	0	0	0	0	0	0	0	3	0	1	0	5	1	2	3	3	2	1	2	6	6	4	10	7	2	3	4	8	0	15	15	12	4	14	26	20	12	18	20	4	51	20	14	17	43	15	10	18	17	15	33	20	67	43	45	44	76	27	17	25	11	61	102	3	26	16	24	7	15	110	235	145	47	40	89	99	169	106	189	91	53	27	191	200	195	420	88	117	291	469	215	401	503	165	87	445	634	444	394	152	15	19	2481	1395	940	889	875	910	454	1181	929	1266	1097	1064	424	300	1214	1531	1235	173	1184	1024	0	1661	1814	1366	1260	1079	567	283	777	966	1175	1070	174	77	-13	651	3821	3428	2741	2731	1413	683	2793	2570	2637	2649	2350	571	356	76	4758	3393	3316	2456	788	191	3419	3276	3328	3245	2475	393	629	2669	3322	2794	1281	2720	1353	606	3559	3083	3114	1821	1967	333	436	2819	2945	3451	3601	2648	1044	232	216	2932	3890	3793	3656	732	599	4491	3094	3676	3617	4141	927	540	2575	3766	3465	3035	2463	392	427	4788	2927	3381	2340	2184	174	644	2741	3266	2465	1602	1770	288	260	175	2033	2136	1910	1498	88	0	2994	916	1410	2578	1809	622	364	1834	2376	1793	1578	274	284	313	297	1166	909	1802	960	254	105	1270	1549	860	1422	766	221	232	1225	808	1113	1176	862	278	74	831	1390	606	808	1795	142	80	932	1743	1807	1126	1256	147	73	1201	1577	1285	2175	1136	0	0	864	1908	2021	1236	782	55	0	1218	1196	1205	272	97	170	63	1890	1291	1154	270	81	129	134	1613	1057	1631	1808	1289	314	311	2291	2180	2116	2066	1691	241	135	1909	2285	1880	1378	2208	219	79	2744	1917	2866	2213	2362	183	289	1670	2230	1645	2076	2216	210	97	2025	2346	2171	1788	1570	396	376	1985	965	1818	1767	1831	183	192	2864	2697	2707	2642	4190	328	202	2736	3902	4025	3445	2181	76	908	3574	3176	4320	4322	2713	1801	1616	4310	3703	2867	3257	2168	575	849	3557	5265	4762	4548	3512	645	734	3155	4758	3029	965	851	712	1414	2945	4054	3887	2743	2711	547	508	3709	3702	2783	2777	2293	763	644	4133	3371	818	2282	2564	146	1109	3642	3686	2853	1901	1543	590	969	3380	1775	3613	1736	1818	341	316	2626	1794	2253	3019	2512	201	147	3079	2957	3347	2995	2613	431	540	1976	2172	2765	34	4310	375	375	3064	3314	5060	89	2000	442	307	1190	0	8716	2764	3072	672	258	3525	3667	2931	2778	3087	459	288	3997	3316	1805	2941	3265	242	459	2698	989	2575	2788	2094	245	426	2576	2488	2177	2857	2422	840	168	1875	4460	1868	2462	2001	307	247	866	4304	3277	3553	1618	2151	407	2186	3520	4737	3223	2658	427	413	3430	3182	3313	2977	3689	559	382	3764	4139	2848	2803	2267	740	829	4156	4607	3850	3295	2496	566	353	3243	3889	2457	2273	2446	872	684	1908	4346	3088	2528	1784	308	584	1092	691	297	3464	2739	316	141	1863	1477	623	2145	1474	606
MA	0	0	0	0	0	0	0	0	0	0	0	0	0	0	0	0	0	0	0	0	0	0	0	0	1	1	0	6	0	0	2	3	2	6	9	21	19	10	7	8	37	39	58	43	21	51	54	47	33	152	65	102	243	165	115	90	194	153	194	154	118	187	118	276	386	316	299	235	187	303	498	361	520	856	834	545	382	586	689	938	853	900	746	960	916	944	1154	1555	2424	1595	1492	1867	1834	2503	2138	2019	658	1328	1549	2455	2684	2157	2123	944	834	2698	1439	2172	1925	1254	991	742	2119	2024	1356	2409	1173	386	630	1332	1293	1611	1773	1417	397	457	1482	2805	2769	2189	843	657	537	1837	851	2384	1395	1680	554	878	1637	1002	1657	1057	909	233	581	1248	1577	1757	1195	880	328	694	1403	1706	1568	1399	920	372	529	1405	1572	1606	1781	854	436	430	1494	1205	928	1131	956	573	555	1777	1386	1289	1243	770	527	495	1026	1755	1247	1221	751	317	403	1066	1787	1249	1335	792	206	260	853	1076	729	1026	482	107	415	804	968	729	1081	753	324	291	965	777	496	737	557	275	421	669	719	631	593	430	170	365	530	712	589	608	357	216	125	280	484	500	406	327	164	494	475	463	461	517	302	175	184	546	332	341	373	113	90	69	223	363	332	390	261	97	267	394	364	371	273	180	89	115	231	385	320	312	174	77	162	355	408	372	344	208	13	104	380	333	437	480	220	66	135	368	369	488	402	158	50	211	417	463	353	343	251	11	93	337	219	152	80	57	84	93	344	185	189	21	17	41	76	162	199	187	104	170	30	105	264	260	265	317	178	89	158	383	336	467	298	331	85	140	299	370	390	465	270	73	161	549	526	361	246	273	174	239	522	514	591	559	517	154	213	391	580	420	745	634	85	268	437	655	854	279	798	74	325	821	579	852	597	720	288	333	547	965	838	984	848	407	416	669	1579	799	834	1056	379	492	1011	1186	1210	1035	639	237	193	1431	824	1319	620	223	191	241	770	900	442	640	732	954	1435	808	782	390	1341	1092	717	1371	1282	918	736	1045	299	211	386	1127	1252	1240	1045	638	87	381	981	1142	1127	1257	694	86	355	1141	1263	1104	971	458	131	359	979	1186	1055	1109	728	159	374	1163	1107	1029	1045	651	214	415	1074	1241	904	543	571	180	406	1130	1330	1461	1072	806	221	309	1356	1461	1242	1346	862	119	587	1196	1491	1142	1453	1064	238	437	1066	839	948	1212	571	210	445	1220	991	972	996	674	97	312	1018	1078	912	841	698	127	317	352	427	451	434	424	33	400	575	1012	949	635	339	37	204	642	714	626	603	314	19	202	603	589	701	437	194	78	262	684	645	484	475	203	117	176	483	449	764	394	184	41	151	473	473	357	340	377	237	258	292	110	409	362	124	9	58	277	348	206	253	141
MG	0	0	0	0	0	0	0	0	0	0	0	0	1	0	0	0	1	0	2	0	2	8	5	10	9	17	28	45	2	3	20	36	16	26	30	14	39	56	27	33	68	27	34	55	41	43	52	56	9	69	19	55	63	56	77	35	41	53	25	111	62	67	38	63	109	69	108	88	95	229	105	153	165	173	180	114	83	115	298	217	246	278	137	84	282	309	310	399	343	330	294	554	495	675	546	398	834	206	269	1071	1024	961	944	764	180	219	1399	947	1658	508	767	347	296	1323	1559	1146	1253	336	1277	979	1446	1426	6122	2075	1775	1123	1137	2583	3123	2644	2607	2325	1343	1271	3138	2829	3222	3727	2038	971	1821	3367	2460	2801	3604	2097	1160	1434	3175	3827	4244	3281	2478	1147	2927	2749	4021	3691	2879	2816	942	1985	3933	3167	4495	3400	3204	1148	1476	3934	4430	3513	3086	2888	1313	2072	3371	3904	3561	2884	3107	1306	2816	3237	3969	3523	3100	2485	1507	2224	3267	2939	3026	3865	2926	1208	651	1852	4018	3616	4041	2073	1734	1609	2989	3406	3184	2824	2044	1141	2039	3081	2587	4578	2871	2269	1518	2154	2878	3438	3475	3445	1672	1267	1658	2908	2009	3049	3050	1796	1031	659	1346	2430	3031	2565	1685	965	1459	2395	2657	2029	1818	1798	708	1521	2278	1915	3745	0	1020	839	326	1184	2201	1762	2306	1347	1035	1491	2169	1886	2737	2036	1572	591	1954	2324	2586	2773	2424	1399	1081	1522	4006	3338	2851	3265	2251	1088	3320	4500	4635	4291	5223	3011	871	2614	4080	4484	6173	5008	3478	980	4222	4472	5672	5565	5253	3485	1827	4201	6519	5969	4030	2113	1217	1110	4995	6391	6865	3975	2418	1370	1432	4588	9515	5450	7812	8399	4443	2696	7826	8319	8694	9120	7831	6812	2482	5865	7429	8831	9593	8873	4171	2697	5707	8392	8318	6000	8001	4518	1779	4707	5947	10052	5441	4649	7050	2104	3972	6466	6504	5554	5352	3184	1446	3049	5159	5547	4989	9604	3274	2062	5386	5696	9043	6728	5654	3821	4400	3975	6565	7890	7334	7336	6368	1999	3830	10409	7745	9912	7421	7490	3215	6093	11045	11372	10975	9890	9593	2739	3897	13796	13925	14062	11558	7036	3112	8206	12020	11943	11722	5948	2909	2604	10450	13358	9203	16479	12109	5180	2841	7313	11286	9806	9207	8963	4315	1872	4850	11905	4452	5309	11360	3856	1869	4996	12874	8847	7398	7465	3600	1616	6727	9264	8725	7685	6895	4500	1231	6872	9764	8951	9404	7566	4141	2125	7133	10399	9330	9140	10086	4526	2443	6347	11040	9590	9582	8916	5574	2230	7283	15133	10605	5958	5893	5019	2049	9444	12716	11043	10758	10653	4542	1862	9719	10452	8924	10449	8675	5161	1587	7379	10341	8435	8043	8523	4004	2071	6337	8686	7106	7579	5386	3289	1796	7294	7367	6428	5631	6801	3019	1097	6208	7770	7883	5866	6152	2707	1068	5148	5751	6136	7161	4911	2989	1199	5192	6071	5668	5794	6309	6762	2261	168	5292	4921	5270	4488	2189	1003	4133	4654	4525	3517	3728	2128	1113	3315	4250	4237	3829	3288	1917	845	2895	3925	4672	2143	3248	1992	597	2509	2892	3991	1467	2582	3326	590	0	4963	2519	3111	3121	1395	800	1629	5074	2559	2005	2406
MS	0	0	0	0	0	0	0	0	0	0	0	0	0	0	0	0	0	0	2	0	2	2	1	2	3	4	5	0	3	0	1	3	3	5	8	4	3	2	7	2	3	1	14	5	4	8	3	1	12	2	6	10	12	18	7	3	2	2	11	27	4	17	4	2	9	6	6	5	6	2	9	5	23	15	20	16	23	20	25	22	27	29	62	43	29	51	53	59	53	165	77	86	76	94	62	71	79	78	156	123	72	135	121	71	131	142	256	148	234	198	118	234	379	110	392	324	247	154	393	417	322	390	394	220	149	289	711	386	326	522	179	164	434	376	608	590	708	228	264	473	697	699	475	201	397	234	749	1503	782	632	712	499	288	641	968	876	649	803	264	642	1033	637	786	887	719	637	395	823	947	1050	875	1108	294	589	968	988	820	510	1177	610	567	1259	1035	902	891	871	499	415	883	825	930	831	922	163	634	238	982	701	2258	367	406	331	889	666	831	1023	649	382	185	926	652	815	770	638	258	233	638	743	533	589	648	247	270	553	481	521	544	475	108	164	237	485	440	546	464	112	367	453	417	350	410	479	302	163	474	495	410	555	346	274	266	138	417	177	543	561	210	196	381	483	438	653	521	333	176	854	689	575	536	917	785	503	777	905	541	528	1884	758	698	1090	951	1134	1197	1294	496	23	1989	1314	1236	1550	1541	422	683	650	1981	1391	1076	1316	1066	726	1342	1652	1402	1291	290	1097	223	1366	1581	1330	989	611	556	333	1320	1582	1311	1186	1116	831	455	997	1095	1106	1166	1316	767	446	1082	1031	1064	889	962	487	252	1047	582	791	750	742	398	350	849	783	689	622	827	412	350	1037	846	822	700	818	396	395	911	574	833	871	1007	431	429	1185	1092	894	914	928	542	453	1124	1012	995	771	1190	542	652	888	1237	934	1104	1199	717	536	1212	1447	1254	1222	1108	1043	663	1265	1616	1256	1527	1507	1280	1137	1450	1729	1859	1502	898	1037	831	1484	1488	1295	1234	1201	992	770	1322	1338	1099	1062	1077	928	699	1092	1112	749	1006	985	895	647	1038	1088	910	949	848	925	407	1004	1080	1151	1115	1002	999	653	1293	1386	1162	1341	1394	1291	903	1522	1896	1762	1942	1954	1662	1175	1815	1721	1714	857	2998	1949	1619	1952	2176	2470	768	2152	1316	1650	1106	3034	1025	2252	1766	1138	915	1387	1789	1869	1715	1240	1248	606	1206	1711	1190	2130	1582	932	531	1100	730	676	916	663	662	317	678	852	830	836	1043	614	329	407	1157	751	810	777	564	339	261	886	832	656	547	495	271	581	1060	499	583	659	500	280	631	531	506	569	417	400	703	443	371	337	513	569	313	237	436	470	375	525	490	416	346	297	378	390	285	276	279	64	272	305	260	329	258	183	98	210	117	58	0	55	264	155	172	237	33	137	66	0
MT	0	0	0	0	0	0	0	0	0	0	0	0	0	0	0	0	0	0	0	0	0	0	0	0	1	1	0	4	1	2	2	0	2	3	2	7	3	13	3	16	0	16	2	12	18	4	9	2	11	4	13	5	6	9	3	7	0	24	16	20	6	3	7	6	29	10	18	13	4	7	22	19	34	45	38	17	26	59	69	61	58	65	44	40	64	85	97	84	92	101	130	150	165	176	177	151	72	151	181	212	359	205	195	245	210	261	258	330	298	349	369	282	487	484	805	559	537	514	494	747	554	1030	805	722	559	641	976	1097	955	1184	793	748	997	1428	1298	1592	1240	890	265	488	639	618	1181	604	445	1838	1069	1756	1502	2085	1570	667	384	1518	1890	1809	1684	1540	1073	289	1716	1959	1391	1903	2376	551	344	1666	1798	1941	1623	1561	522	478	1501	1770	1695	1480	1161	593	353	1668	1763	1451	1681	1750	516	244	1370	1664	1304	1116	1201	638	158	363	1303	1385	1449	1683	673	243	1450	1222	1325	1263	1495	617	369	1744	1070	1299	1249	1180	646	267	1121	1350	948	962	1084	556	258	810	1010	973	1070	765	306	170	192	733	915	691	843	386	166	554	783	850	751	913	443	131	622	767	582	701	278	313	126	214	419	602	645	668	386	147	584	586	608	2768	502	236	229	489	608	516	467	158	243	85	528	725	760	587	560	230	103	565	744	814	576	685	385	203	613	762	948	742	856	424	240	737	946	1048	914	871	469	256	917	1030	1061	567	254	196	305	748	1275	1142	741	208	242	434	1542	796	2072	1086	1368	920	240	1747	1247	1760	1875	1406	1050	562	1128	1991	1609	1428	1599	986	341	916	1563	1659	1508	1821	1050	415	1003	1694	2135	1202	1362	626	416	1750	910	1194	1173	1359	1032	215	1063	1375	1710	1542	2304	373	314	1074	1764	1859	1975	1525	557	363	1639	1255	1929	2748	1486	814	356	2294	1789	1852	2104	2057	553	467	2556	2275	2115	3417	1837	1633	628	3130	3019	2132	2738	2346	1396	757	2205	3075	2846	2338	1034	764	614	2167	2724	3213	1708	2550	1356	759	1984	2543	2209	2297	2477	1169	653	1896	1951	1072	1895	1864	1244	625	1643	1661	1971	1736	1640	1272	482	1558	1542	1686	1602	1545	1080	260	1339	1845	1898	1725	1020	982	691	1822	1827	1937	2008	1715	1324	623	1399	2338	2178	1978	2007	1573	590	1568	1858	2105	1771	1318	1109	259	2032	1895	2293	2194	2229	1001	407	1578	2363	2096	2437	1391	875	384	1479	1800	1581	1727	1588	691	339	1258	1428	1389	1386	1381	597	211	1238	1678	1721	1227	1441	911	326	1335	1762	1677	1500	1645	869	317	1334	1872	1629	1265	1574	707	309	1539	1241	1600	1432	1535	671	261	1045	2044	1104	1264	1164	660	173	1112	1400	1432	1232	1340	487	273	1006	1821	834	1200	1065	532	255	995	1085	1121	965	1027	982	53	1020	1064	1024	886	827	660	272	388	255	572	817	760	345	87	583	724	759	520	618	618
PA	0	0	0	0	0	0	0	0	0	0	0	0	0	0	0	0	0	0	0	0	0	0	1	0	1	0	2	1	0	2	6	3	2	2	6	8	7	8	26	7	4	37	31	13	2	48	20	22	51	74	103	70	70	14	44	217	124	169	72	312	166	325	149	100	267	413	360	368	193	342	494	768	411	584	499	330	721	990	1285	1135	1159	826	737	1266	1710	1752	1603	2165	1428	690	2551	2516	1789	3461	2164	563	102	2053	3638	2821	3000	4387	0	411	3299	3066	2769	1746	1177	2182	714	2019	2949	2431	3449	2809	1773	1366	2616	3072	2328	2436	2841	1130	764	1999	2647	2214	2344	2120	1280	724	1617	2592	1987	1943	2260	780	795	2061	2264	2205	2125	1783	537	912	1997	1965	2109	1785	1671	540	360	1793	1233	1501	1335	1368	232	220	1772	2418	2127	1937	2340	543	509	1462	2265	1747	1983	1402	959	406	1715	2141	2022	2393	1998	645	293	2027	1955	1733	1577	1372	925	385	1429	1451	1533	1322	1573	774	621	301	1248	1253	1367	1227	721	430	1512	1182	958	762	985	314	256	864	1382	1281	1322	1202	930	312	1107	1274	1294	1060	999	231	96	755	1064	882	648	447	13	20	38	839	684	704	743	276	20	867	989	1111	1049	1327	783	636	1211	1101	956	1097	530	161	149	220	935	985	770	759	272	202	939	878	869	1073	403	254	111	446	810	780	875	752	446	265	507	920	824	533	813	498	180	680	897	1001	627	792	504	502	670	799	1046	792	742	672	442	953	1052	1120	935	858	498	486	919	930	883	429	18	531	495	1086	805	828	262	5	203	214	1215	1313	1222	1071	1409	1047	624	1387	1500	1017	1491	1416	590	290	1247	1569	1487	2057	1700	901	768	1349	2396	2272	1719	1519	506	180	1677	1889	1652	1749	1594	623	603	1777	1432	1881	1783	1354	463	485	1223	667	1134	1564	1551	541	617	1850	1694	1340	1859	1428	727	768	1202	1697	1570	1347	1261	553	602	1288	2120	2145	1728	1288	660	832	1832	2424	2914	2801	2627	922	605	2694	2830	2697	2858	2455	759	620	2244	2537	2849	1594	476	553	696	2513	2676	2756	2750	2706	713	446	2699	2241	2673	2392	2021	595	320	2787	2649	1333	2345	1988	549	133	1092	2826	2630	2035	1427	553	479	1726	1999	2386	1834	1660	1052	288	1647	2358	2778	2582	2596	1584	668	2231	1942	1890	1571	1464	174	278	1200	1895	1656	1385	1415	284	53	1388	1932	1792	328	1009	376	163	2073	2531	2042	1710	1538	448	128	1568	1529	1900	1479	1285	175	67	1889	1896	1368	1262	861	177	82	1530	1797	1744	1150	806	30	27	1014	1153	1225	976	736	146	20	387	1075	1149	791	640	84	45	957	476	593	561	524	104	15	656	649	751	647	388	45	19	468	758	656	607	547	74	50	390	480	399	474	433	16	49	462	559	545	554	545	36	45	450	671	538	426	450	95	5	495	566	341	382	220	85	12	112	19	405	359	79	83	8	422	335	362	284	51	88
PB	0	0	0	0	0	0	0	0	0	0	0	0	0	0	0	0	0	0	0	0	0	0	1	0	0	0	0	1	1	2	1	4	4	0	3	1	3	8	3	2	1	1	5	14	24	6	16	10	25	16	13	30	10	31	9	18	38	44	41	61	52	44	90	65	116	112	108	135	50	142	132	164	192	182	125	185	184	252	268	316	378	324	284	439	514	538	400	644	626	315	193	903	1290	923	879	851	300	533	1164	1159	1561	1000	1208	523	641	1501	1580	1338	1186	898	559	655	1460	1584	1670	1716	1428	263	469	1746	913	912	2008	1410	437	378	1900	1218	1361	1229	1541	422	418	1656	1542	1270	1504	1303	363	324	1354	1477	1484	924	624	411	298	1159	2128	2132	1446	1173	430	540	1482	1723	1210	1686	667	547	203	1549	1311	796	1250	776	189	284	1453	1078	897	866	928	445	190	1274	997	951	845	680	162	171	905	1005	883	707	728	130	117	827	779	798	743	605	143	33	154	867	768	523	688	255	202	740	679	777	607	622	148	143	616	553	519	567	597	52	204	667	613	542	464	408	32	177	674	751	434	536	428	164	56	140	718	665	576	384	19	114	496	369	317	494	433	123	135	519	544	252	499	419	71	66	93	579	339	544	484	192	87	425	611	834	468	522	82	622	608	579	627	633	650	192	131	310	717	763	363	369	102	41	541	734	746	729	709	673	604	586	737	761	889	594	93	268	817	1388	1274	1053	660	327	203	972	928	610	231	727	308	578	423	1010	1058	578	553	429	135	366	1101	965	936	714	515	523	219	681	1028	770	838	1008	0	238	1272	1111	1309	1134	819	1181	1126	1213	1044	1125	1065	1104	1014	867	1054	963	1060	918	664	611	971	1140	1130	1137	830	641	995	818	1014	1331	1191	1349	1004	941	980	1320	1594	1186	1416	1392	1144	910	1118	1385	864	1440	1218	1012	1200	1365	1483	1365	1694	1256	1025	804	1194	1403	1269	1300	818	930	1140	1154	1672	1611	1410	1203	968	1150	1553	1311	1227	789	1081	1059	817	1551	1171	1272	1480	394	1486	1272	1218	1368	1124	1377	893	904	1072	1108	1042	1134	1015	1002	942	1037	1228	1012	1110	1048	955	786	1129	999	1190	1127	1082	900	816	932	1417	1127	1365	1091	1079	758	885	830	892	1156	1415	1249	1364	2015	2262	1887	1917	2429	1178	1016	1751	2403	2660	2421	1992	1982	1422	1412	1345	3911	2451	2111	2034	2575	2358	2328	2457	2555	2639	2178	2114	2186	2377	2391	2693	2002	2098	1115	1783	1733	462	1536	1571	1248	441	475	1519	1154	1151	1300	710	373	58	1304	1310	943	975	849	240	358	563	1279	898	607	611	213	187	797	1019	992	463	495	132	37	872	570	423	406	321	121	194	579	422	449	442	374	104	251	630	560	431	450	299	120	264	96	907	353	384	278	158	152	407	441	630	573	356	93	276	243	187	16	16	10	33	26	16	78	32	3144
PE	0	0	0	0	0	0	0	0	0	0	0	0	0	0	0	0	2	0	5	1	0	10	1	9	3	2	4	5	0	4	2	9	11	5	5	9	8	11	30	40	25	22	129	49	154	129	132	144	194	130	200	199	323	187	266	231	218	390	307	394	508	391	460	366	470	682	458	811	498	220	462	556	943	763	883	805	493	541	592	687	621	2279	964	642	1148	1318	1351	1849	1026	973	607	488	1065	794	1542	1172	1023	450	608	955	1044	1004	850	881	463	305	925	1059	878	799	590	246	920	1019	1180	1094	1398	995	381	337	1191	1114	668	1285	1018	369	382	847	1414	1243	1095	1672	513	509	1453	1163	1333	1270	1100	431	675	1384	1131	1332	1086	943	663	326	941	1858	1802	1710	1714	666	546	1858	1837	1632	1741	1224	431	432	1488	1074	1477	1241	1268	0	601	1393	1467	1567	1364	1185	225	605	1429	1142	1072	596	1113	217	601	1120	1069	999	1005	943	445	1748	1437	1475	1031	731	191	268	170	989	1040	1024	770	259	181	1016	699	757	910	807	475	260	711	677	538	565	672	76	80	1229	846	701	865	612	68	37	763	922	597	678	584	146	78	77	742	825	654	403	106	101	664	624	359	719	724	157	99	878	807	579	662	491	84	62	117	486	580	1051	649	411	207	693	860	787	830	843	307	356	674	826	908	688	946	472	428	781	1147	553	669	2084	449	565	1853	1348	1431	1094	1518	765	746	1236	1133	1588	1945	1363	258	362	734	2071	1646	1765	1746	418	709	1946	1915	1457	1109	387	603	442	1778	2512	1882	827	332	215	305	1491	1604	1511	1250	1190	1146	719	1482	1803	1412	1702	1450	482	322	1635	1770	1985	1714	1652	537	589	2124	2068	1494	1748	1954	621	445	1977	1627	1650	1487	1451	864	741	1736	1531	1643	1380	1805	891	803	1582	1927	2226	1358	1132	944	689	1724	1566	1202	1723	1455	616	629	1330	1613	1685	1588	1664	300	373	1319	1582	1669	1566	1631	1104	921	2482	2245	2139	2211	2107	1016	677	2172	2738	2786	2227	2157	771	390	2233	2431	2987	1779	985	635	709	2179	2965	2884	1992	2354	787	738	2531	2359	1868	1869	1966	1346	1020	2843	2480	1202	2031	2089	1734	1278	2596	2720	2511	1917	2178	730	960	2333	2143	3074	2763	2923	893	1828	2777	2426	3195	2975	2894	1686	701	3029	3440	3188	3969	3589	2089	1368	3533	2794	2527	736	5576	2168	1087	3437	3551	3649	644	4468	1666	1249	1876	6487	2645	3715	2877	1156	1117	3622	2647	3114	3118	2512	964	805	2339	2358	1391	716	1410	847	599	2181	975	1997	2399	2605	1405	660	2147	1759	1525	2190	1961	923	383	2290	2145	1184	1250	1333	638	339	354	1814	1256	1120	700	945	409	831	995	1038	956	942	643	524	772	738	644	690	723	323	100	571	825	712	658	1294	290	200	584	898	533	550	477	179	114	504	660	527	486	435	231	351	508	1057	571	541	361	238	443	240	495	264	941	177	579	90	615	289	430	336	354
PI	0	0	0	0	0	0	0	0	0	0	0	0	0	0	0	0	0	0	0	0	0	0	0	3	1	0	2	0	2	1	0	1	1	5	2	0	1	0	3	2	0	2	5	7	2	1	3	7	7	17	16	11	21	21	14	28	20	11	39	41	34	33	44	46	59	87	65	77	42	91	74	102	80	102	45	54	111	169	172	121	180	167	35	153	197	215	222	184	132	160	170	246	277	260	242	186	188	387	322	236	653	388	373	143	306	432	464	514	488	328	204	524	678	540	468	1246	451	212	793	958	853	943	642	493	595	669	1637	1248	1069	1185	518	432	1003	897	1334	1524	1196	498	396	797	1289	1097	515	1511	728	310	670	1539	1364	1170	1040	655	540	967	1411	1236	1279	981	535	231	1219	1275	1382	1290	1181	411	196	966	1321	1197	933	1043	440	237	911	1249	1364	697	974	389	266	791	1140	1064	873	883	489	0	454	1063	797	1907	0	380	276	282	938	1006	717	860	311	142	675	746	712	772	618	309	247	738	675	771	598	780	361	193	494	859	763	649	610	236	259	673	684	588	575	828	317	232	313	648	868	827	682	362	194	514	672	766	705	778	274	175	586	679	657	565	526	255	228	168	588	496	799	701	216	407	583	617	590	517	484	232	94	200	447	515	579	511	226	185	449	698	418	661	520	1046	293	672	746	664	729	714	445	470	641	623	618	534	559	288	175	347	530	654	604	580	337	208	434	582	545	215	317	251	253	509	693	721	507	31	279	162	549	657	527	613	782	259	471	523	835	819	688	672	351	222	592	786	774	626	708	257	361	426	726	594	306	809	439	267	451	511	696	388	812	257	232	450	410	665	696	461	538	241	491	513	522	779	783	279	257	633	677	636	857	765	401	317	538	1004	799	958	1232	765	284	887	1085	1090	1409	1133	652	257	796	1063	1155	1270	1460	941	625	948	1651	1149	1505	1621	1232	713	1228	1547	1626	1206	1137	900	969	1505	1312	1480	1213	980	1320	713	970	1281	1634	1539	1006	828	1286	1381	1661	1097	1179	1173	802	479	914	1249	1163	1412	448	1468	598	1038	1188	1711	1368	1101	882	506	920	1540	1082	1102	1062	796	324	1505	1753	1215	1224	1127	838	700	817	1371	984	644	1496	1039	598	891	907	1317	675	1497	649	492	416	0	1784	1576	1103	610	254	608	961	1055	756	1010	503	373	691	1052	638	933	672	530	190	492	281	608	885	855	271	245	439	778	447	889	577	392	142	187	729	736	598	448	224	120	106	580	537	373	451	74	149	260	562	429	473	354	159	98	257	336	334	470	244	131	56	162	402	313	243	281	160	65	275	243	223	270	258	142	100	189	227	264	257	195	121	72	194	259	201	196	165	88	68	141	135	67	57	101	104	11	33	59	103	109	34	102
PR	0	0	0	0	0	0	0	0	0	0	0	0	0	0	0	0	6	0	0	0	0	6	3	9	13	7	10	6	10	27	9	19	12	15	8	25	44	29	49	94	44	21	45	39	71	34	33	62	18	35	13	29	42	73	42	20	17	38	19	37	22	16	30	85	78	59	41	46	23	48	27	39	31	56	75	50	14	57	93	68	76	105	44	74	129	137	199	130	162	113	124	183	201	273	259	238	214	148	335	332	328	539	259	294	134	289	524	635	249	535	353	133	851	535	834	873	889	680	623	729	1110	859	850	1147	923	584	1551	1348	2079	1863	2404	889	1310	1539	1406	1709	2088	1285	1740	1045	1781	1761	2281	1916	2232	1076	1280	1629	2389	2077	2255	1334	1627	781	1392	1527	2568	2624	1818	1675	1260	1853	2599	1952	2697	1161	1739	1507	1570	1842	1882	2177	1927	1335	1273	1858	1659	2349	2343	2260	1111	1045	1533	1704	1833	2890	2003	1636	1303	1668	2035	2256	1915	1868	1426	779	1404	1076	2000	2335	2245	1258	649	1000	1510	2469	2123	1557	1409	606	2184	1245	1585	1424	2079	1132	839	1316	1600	1907	1398	1512	761	330	1353	1570	470	1404	1532	1008	1831	718	913	1011	1325	803	780	1140	1213	1173	1276	1155	1341	727	702	1290	1360	960	869	752	728	240	784	1032	909	1641	1592	860	1563	1039	1754	2199	9913	578	793	1676	2332	3054	2684	2045	3589	1211	1740	3580	3820	4420	3726	3201	1522	2377	5239	3223	5423	3442	2860	1239	2710	4591	5069	3981	5059	4379	2483	2376	7537	20197	6389	4494	3574	1660	2282	6102	3293	9793	1586	1223	1572	2835	4036	3896	3939	1757	1292	1700	1726	4748	3084	32436	5064	3266	1640	1670	11400	494	5811	4851	3531	1563	1113	4858	3767	3127	3578	3127	1821	1870	6829	3272	4491	3116	3862	1903	2652	4319	2466	3287	2846	3447	1561	1444	3929	2450	3461	2591	3158	1144	1406	8000	4060	3040	3632	3858	2982	2099	6275	4467	5646	4543	5248	3688	3204	6174	4699	5400	5670	8598	45020	2026	5400	8345	4330	5664	6229	3852	2143	5823	5461	6469	8146	4758	2146	3224	7344	5562	11331	4699	5037	3150	2828	3282	3059	5234	4569	2043	1037	1436	4253	4490	4805	3911	3610	1872	700	6617	2358	3891	5695	3125	1239	2701	3803	3947	2584	3555	3983	1534	2246	3320	3883	4474	4674	4188	2002	1363	5514	5188	5008	6062	5515	2079	4804	3183	5045	5032	9338	6181	5083	2366	6527	7029	7716	7210	5376	1180	1718	5316	5857	5681	5125	5397	2403	1310	5235	4299	5102	3471	4041	2685	3297	5587	5118	4700	5745	4578	2331	2689	3979	6619	7666	10807	11497	10462	13666	13666	9669	9999	8231	5692	4696	5000	5000	5789	7985	3415	4279	2223	2374	3561	3397	3996	3852	4363	1199	2320	3057	3526	3535	2523	3416	1217	2239	2645	3020	2439	2313	2316	1119	5174	2181	3405	2457	2292	2357	2246	2111	3079	3252	2188	6732	2522	1254	987	1532	2117	2287	2560	2765	1612	1602	4756	7055	3533	3436	4027	1696	1685	1919	1901	2339	2293	1972	1240	1091	1139	1270	3281	2965	1314	1288	1107	1179	1103	1548	1477	1856	1821	1532	1598	1659	1738	1858	2081
RJ	0	0	0	0	0	0	0	0	0	1	1	0	1	0	5	5	3	0	6	2	7	2	30	3	43	10	67	47	72	65	51	72	65	42	57	51	124	160	82	172	148	67	227	250	278	248	143	248	376	179	333	201	405	194	222	134	407	246	620	110	546	283	833	560	365	584	713	380	593	582	670	904	861	1585	1188	133	877	547	242	739	520	1614	637	4427	1140	2567	1717	1500	944	3379	1386	726	2374	2488	3067	4467	968	1142	2202	2508	1692	2134	1467	3223	1743	3480	1394	1402	2009	1052	736	1374	2397	3620	354	6061	2159	596	1439	3297	2624	2404	2600	306	2495	585	728	2667	1545	2133	1484	852	587	2207	2243	1995	1119	232	9	2360	778	1627	124	657	0	3294	2481	4116	3502	2926	3330	1414	32	1509	1805	2008	1995	1853	1718	12	839	847	3768	1385	1632	2828	326	1166	2547	3047	2475	1806	723	3665	372	4829	3513	2923	1120	3428	484	412	2643	2672	2523	0	3759	345	329	3169	1532	1939	2218	258	71	234	321	500	940	5640	323	1715	320	1607	1764	661	2955	1463	648	137	1710	1129	3100	1503	182	2190	146	1693	1084	1452	4160	1180	126	1637	2077	2024	2705	1936	1327	268	183	195	1152	1077	3158	129	1309	535	1208	1319	1081	1776	2026	557	3366	2160	1766	1345	1479	481	1037	294	1781	0	754	966	539	822	405	2378	1645	1785	623	3639	311	499	2554	2387	2118	2401	362	926	485	2145	3162	2029	1324	5412	556	1038	3628	3415	3788	2456	2626	808	301	3377	3331	3560	3298	3489	694	768	1457	4036	3493	3601	1180	3160	755	3794	2975	4199	603	929	994	605	4585	2114	6275	742	214	135	3606	4262	4482	4669	1517	5591	1061	634	3589	4287	4211	3396	4067	947	373	4375	4015	3306	669	5389	1017	234	4160	3517	3678	4077	3862	237	2031	3278	3249	2852	2757	2690	162	2101	1009	5985	2033	2768	2158	795	706	8385	587	2415	2256	2250	573	859	409	3908	1935	424	2622	880	751	1825	2180	1894	2251	560	1697	762	2172	2436	2094	2505	2281	268	1086	1081	4093	2950	2354	944	2763	1469	3201	2892	2980	3179	2769	1986	787	3500	3121	4039	1290	3935	1301	797	1670	5118	5182	3820	3574	1053	703	4401	4039	4249	4717	1659	3927	916	4159	4101	3578	4646	2831	1016	262	4348	4558	4080	4771	2841	1993	1165	5118	7484	9185	8261	5844	1581	670	5316	4960	6007	6931	5216	828	1932	5509	4827	4731	4487	2122	857	3962	4053	3785	2964	522	3183	4916	1498	3939	5258	4187	1520	3093	1190	386	3431	6092	4072	4372	2326	592	3520	4341	4701	5022	2113	6367	344	883	4178	4422	3530	3954	1681	483	2498	3566	775	2296	2671	2533	415	774	3380	2351	2229	2922	3318	751	770	1945	1679	6386	2647	3653	987	590	1174	3428	3525	3403	1718	839	332	3806	3778	1441	5076	2823	481	1157	3450	4289	3319	1959	12417	1680	1202	1979	4037	4713	4363	3861	99	2418	4925	4977	4770	4370	1910	2209	1370	4409	4135	3543	2450	2281	622	333	2599	2110	2105	1978	2293	941	334	2098	403	17736	250	674	159	0	554	384	997	500	105200
RN	0	0	0	0	0	0	0	0	0	0	0	0	0	0	0	0	1	0	0	0	0	0	0	0	5	3	4	0	1	0	5	9	40	0	9	5	10	14	70	39	31	0	8	8	0	1	26	50	37	23	1	63	53	45	34	13	38	62	46	27	44	7	25	229	91	120	69	26	29	115	108	95	82	98	0	11	103	334	170	249	0	218	134	345	313	264	191	348	0	175	698	158	0	833	939	0	649	182	916	133	151	16	0	1439	139	541	1666	310	245	382	43	998	478	199	150	3167	84	667	118	1769	894	1068	447	48	5483	568	1612	998	525	835	323	411	841	690	550	1205	362	717	487	547	312	329	328	2149	193	317	257	973	874	627	247	38	331	1085	679	618	751	1137	288	196	540	925	619	613	434	0	302	2515	-211	-649	392	196	0	235	409	360	471	53	202	0	256	512	281	451	326	288	0	257	243	441	426	436	405	0	117	68	257	386	359	167	255	63	289	286	392	333	309	0	254	242	311	298	274	171	0	272	248	420	282	391	452	0	237	254	855	450	102	194	0	450	73	558	661	2324	189	0	1705	165	624	55	123	204	0	210	162	611	281	128	95	0	318	65	319	200	129	170	0	220	281	89	154	169	130	0	259	501	236	151	335	920	0	994	208	1096	708	3878	433	1001	1074	540	1036	170	245	488	0	988	281	1014	1374	1144	519	561	913	559	1255	277	556	747	711	1385	771	1488	912	1058	274	0	600	955	1165	1186	271	339	0	497	841	819	604	1158	1210	0	748	834	212	1366	974	1734	15	1025	395	1329	899	846	892	38	1250	616	831	462	828	955	0	968	566	413	803	0	53	888	1884	491	957	975	571	0	0	8797	214	277	380	1297	0	421	1293	535	973	1289	1544	0	590	1801	766	1244	870	1673	0	0	2636	1187	1436	1466	1251	0	0	538	1038	1016	0	680	0	0	2092	1633	1635	1057	2314	0	0	1958	1599	1024	0	185	1076	574	1703	1046	978	1683	1882	0	521	2079	0	1610	1055	601	0	0	2433	225	0	1323	862	0	400	3011	513	1099	1085	1127	0	401	2261	555	1047	896	1296	0	176	2324	3601	2779	2156	7243	0	935	2814	667	1173	1590	1305	0	0	2170	1484	1027	1635	1212	1454	654	691	1259	1202	1274	724	1370	970	145	628	1145	1020	1227	2140	1294	1504	2249	379	460	2626	475	165	1056	571	36374	1622	3772	852	1288	588	489	2871	3187	796	572	410	485	1633	726	664	911	763	556	110	276	524	386	731	293	0	422	322	602	815	319	1973	163	18	222	893	264	177	287	111	25	194	222	224	249	241	103	0	172	312	165	221	342	39	71	110	630	135	205	523	99	12	153	183	181	108	157	89	1	91	144	117	101	52	105	131	53	22	116	151	240	79	16	57	115	133	219	171	655
RO	0	0	0	0	0	0	0	0	0	0	0	0	0	0	0	0	0	0	0	0	0	0	0	0	1	2	0	0	2	0	1	0	0	0	2	1	0	1	0	1	3	4	5	3	2	4	2	8	0	27	4	19	18	18	32	39	24	0	27	40	38	36	29	20	20	69	83	69	51	51	105	82	155	124	41	39	96	62	152	74	108	125	44	80	370	86	160	115	335	92	67	225	369	390	250	241	199	230	305	237	745	403	839	409	516	594	630	697	677	486	155	315	830	557	237	549	599	229	646	672	925	749	1098	464	85	586	845	272	447	271	716	522	442	643	503	335	598	496	232	322	478	389	737	463	0	0	684	841	2302	1136	793	700	237	338	701	785	773	585	512	389	123	1223	782	704	665	476	144	362	1096	593	615	612	364	185	395	691	798	426	367	481	426	370	723	605	686	400	291	183	474	615	643	207	734	513	201	171	322	637	424	418	324	122	262	514	359	539	337	202	166	404	514	525	175	251	191	285	178	287	238	350	212	103	47	160	231	167	142	156	333	128	33	153	267	219	211	84	0	306	119	199	275	235	309	111	139	287	234	230	145	170	223	64	96	246	335	197	213	271	179	198	302	258	350	383	201	286	184	367	358	352	335	284	267	574	281	318	0	977	290	483	264	520	411	331	344	501	483	567	446	514	334	157	444	264	791	488	466	547	412	225	586	1202	739	525	282	206	188	892	687	681	694	270	434	473	291	657	957	784	748	681	564	930	1280	939	1215	1380	841	883	1275	1041	1096	1310	1422	933	968	996	1239	1669	970	1225	757	706	949	1154	947	1030	1159	851	419	995	946	870	714	838	249	819	781	749	1117	955	1007	497	513	863	1099	1243	999	951	622	773	741	1675	1375	1548	1360	827	704	1341	1141	1721	1613	1227	701	692	1493	1960	1624	1203	1381	948	1140	1020	1445	1526	1170	1497	999	798	885	883	1860	1066	1013	648	323	675	1314	1321	1508	1132	738	616	889	1319	868	1148	1452	428	754	725	882	941	563	699	595	279	522	935	648	729	738	379	139	510	748	365	947	1327	371	120	522	790	732	737	294	450	218	484	805	618	850	581	351	273	758	739	592	225	695	627	204	377	1080	898	460	882	371	168	188	0	1770	755	1041	609	324	955	940	989	581	962	277	340	931	674	181	810	594	266	206	543	44	202	566	312	1011	51	2477	-47	-850	335	377	201	35	217	547	581	220	624	123	70	100	451	286	160	270	190	130	313	696	197	263	256	76	154	144	365	284	221	280	244	22	273	258	282	8	183	160	28	14	462	212	193	162	86	66	135	166	164	166	99	160	23	177	175	239	136	142	44	10	52	70	20	0	91	173	22	107	78	109	167	114	25
RR	0	0	0	0	0	0	0	0	0	0	0	0	0	0	0	0	0	0	0	0	0	0	0	0	0	2	0	0	6	0	2	2	4	0	0	0	10	4	7	5	0	0	7	3	11	12	4	4	30	1	28	22	37	21	22	3	33	17	7	41	56	6	18	0	27	67	83	66	72	66	63	63	88	104	78	88	5	116	0	89	89	117	85	91	106	79	79	160	133	0	125	118	277	139	201	176	217	158	293	0	688	407	291	239	288	291	247	118	130	33	6	54	215	271	229	387	83	68	2152	463	1069	1039	167	1263	118	182	512	2430	740	446	153	26	140	196	870	1066	629	376	402	341	713	716	610	366	94	219	299	969	978	942	520	435	73	414	680	459	561	707	428	37	6	1102	633	611	393	454	62	557	573	691	627	500	226	42	518	318	488	202	336	203	40	274	315	331	307	302	171	48	189	329	298	331	310	162	116	49	203	350	247	246	130	67	303	316	234	294	396	214	28	212	377	297	258	207	230	57	217	264	232	332	285	70	0	82	185	244	252	309	197	22	42	147	505	373	293	162	45	233	217	229	364	344	249	89	231	287	264	269	282	123	81	136	165	515	380	381	124	6	78	313	360	210	260	119	44	211	211	244	308	191	94	177	124	275	189	154	59	418	88	250	327	275	143	368	220	110	69	134	377	379	247	186	47	61	59	403	207	175	70	102	155	223	198	88	42	27	31	68	146	180	21	148	17	72	82	151	146	135	179	92	53	103	198	260	129	277	196	117	167	219	132	157	387	186	149	194	265	317	416	255	206	149	103	338	255	328	204	220	108	223	284	309	337	228	259	71	166	371	326	428	622	162	212	279	375	451	358	495	273	77	91	395	485	355	293	101	23	0	53	987	333	330	195	89	166	360	301	349	322	200	95	217	291	301	249	273	136	48	0	361	328	256	167	74	21	211	183	271	266	314	166	67	250	413	390	357	315	178	38	167	313	296	203	258	196	85	176	251	248	333	260	156	39	195	246	328	373	239	191	29	203	300	280	304	309	232	84	170	446	304	394	399	222	83	187	293	230	118	292	201	83	330	346	322	84	444	198	143	52	20	72	1378	453	222	76	226	486	346	390	350	206	52	22	57	1039	288	328	284	124	14	275	510	284	350	222	69	190	347	378	231	396	174	135	64	346	0	732	389	259	57	50	354	366	302	164	264	52	150	293	311	256	177	116	38	93	158	180	160	155	107	31	87	185	166	185	31	211	32	124	160	149	265	193	129	15	120	26	273	67	201	73	14	67	174	102	122	79	136	12	0	12	0	24	5	2350	23	0	0	-1015	26	220	9
RS	0	0	0	0	0	0	0	0	0	0	0	0	0	0	1	1	2	0	2	0	2	2	9	12	12	26	8	19	16	50	28	7	3	30	24	51	11	70	24	8	50	33	54	26	55	4	13	11	21	35	42	30	39	23	15	35	14	52	69	57	70	42	48	94	70	109	90	47	24	78	251	81	82	311	49	34	232	109	80	104	594	39	1	15	48	1175	500	445	418	134	89	226	263	1186	609	399	90	164	423	479	612	573	454	98	115	552	817	549	216	243	34	777	1033	657	694	765	551	210	362	1154	1145	1051	1054	886	243	416	1282	1230	1024	1176	1248	336	446	1399	1757	877	1056	1230	520	416	1337	1246	3105	1366	137	266	336	2391	3233	1768	2166	2111	661	265	2303	2149	1977	219	3764	584	439	2139	2945	2274	189	4569	396	43	3381	2634	2511	2582	2303	432	130	3210	2674	177	267	4504	1034	80	2810	3221	2331	2424	3677	66	1331	1986	3662	3149	2607	6268	429	38	550	3074	3816	2083	2789	639	1004	3033	3433	3408	2968	3391	637	572	2136	1951	1781	1898	2004	397	262	2475	2319	6614	3241	2160	132	778	1878	2331	1917	2150	2009	376	426	386	1962	1903	1728	2129	324	1004	1674	1769	1299	2182	3132	0	1597	2723	2298	2708	2825	1349	906	955	627	3208	1556	2957	2403	710	758	2920	3174	3590	3071	3108	1188	1165	3479	3853	2719	3298	3683	923	843	3096	4569	2312	2476	7813	1842	1280	4367	4854	5724	5032	4766	2234	1534	4114	4861	4435	5163	3557	3891	2303	3358	6453	6112	5721	5061	2157	2039	6206	98	10433	2102	2147	823	638	6217	5754	5462	2238	1008	1837	569	5283	4728	4801	4779	3584	1979	1582	3695	5223	4605	5207	4229	1864	1173	4285	3945	4025	3054	3815	863	905	3994	3802	3411	3342	3209	574	780	3255	3036	2772	3415	3166	510	493	3707	5596	3333	3173	3506	1322	969	1897	1922	4125	4197	4212	1717	2029	5777	7194	5446	7188	6977	1928	2748	6006	7831	9940	9127	9599	2671	2559	11806	10403	6847	10017	9281	3107	1978	9331	9619	7206	9186	8518	2515	1789	8491	7540	6133	1103	12122	2233	1377	7063	6310	4840	7780	1253	883	788	7666	6860	3813	6886	4409	996	533	6427	6430	5578	5036	4868	1386	738	6252	6168	869	6873	5713	533	1007	6065	6637	4228	8074	4838	605	394	5685	5980	3263	7331	4143	687	401	5190	5106	3881	4525	4241	641	450	5714	5883	5352	4840	4949	922	787	5488	5068	3301	187	7925	1517	1260	5551	7468	5945	1079	4410	1594	7586	2731	9782	5341	5635	5370	719	690	7116	5381	4614	9850	5487	680	846	5864	4587	5235	5620	4380	715	425	4067	1228	3712	5472	5412	624	427	4748	3786	3808	3873	4121	534	492	4217	5010	2728	2087	4292	408	216	772	3071	4221	64036	7299	1400	767	2549	3162	3111	1593	4441	972	699	1847	1601	3161	3036	1717	608	422	1883	1815	1563	1356	1585	583	410	1341	1792	1696	2357	1458	529	305	1426	1269	1223	1183	1230	403	652	843	792	729	800	678	484	472	1594	459	296	2741	1160	252	274	1223	606	567	778	5514
SC	0	0	0	0	0	0	0	0	0	0	0	0	0	0	0	0	2	1	2	1	1	0	7	7	19	17	11	18	23	13	27	14	21	13	22	16	12	34	20	55	23	38	40	44	192	24	15	44	50	27	31	42	36	13	50	38	28	24	55	39	26	102	139	519	90	309	-290	242	173	104	172	122	165	123	167	57	100	204	95	504	230	116	98	399	238	86	111	848	149	89	179	141	356	628	530	250	257	461	162	374	499	313	439	280	177	450	402	359	212	131	64	600	442	613	558	759	776	474	355	1307	1677	1030	996	861	556	692	1298	925	1296	1686	1670	1038	853	1521	1467	1598	1698	1920	1005	784	2235	1926	1805	1768	982	805	1078	2061	3081	2726	2735	2316	1397	1408	3633	3230	3903	3169	2849	1060	907	3268	3253	3224	2948	3167	1186	993	2594	2879	2631	3151	1818	879	786	2647	2537	2222	1277	1659	484	1041	2157	1870	2078	2054	4712	460	30913	2697	2048	1682	2392	1765	667	449	920	2585	1194	1525	1363	681	895	1601	1441	1252	1232	1084	370	712	1360	1208	1148	1057	986	493	482	1195	1217	1146	1098	911	585	826	1398	1210	1451	1534	977	599	795	395	1507	1502	1521	1832	394	1065	1557	1052	2211	2072	1862	1108	1391	2422	2652	1937	1868	2584	1117	1486	2280	2814	2007	2151	2857	969	1034	4886	2711	1730	4805	4015	2144	1454	5178	4210	4605	6109	5888	2818	1753	4115	4933	5998	3420	9523	3047	5347	8201	6076	4956	6174	3851	2586	3503	6312	5628	5121	4292	5051	1306	4649	3497	7077	5538	5160	4013	3909	2488	4671	3796	3001	1481	1561	1705	2182	3806	3134	3514	1864	2077	821	1565	3875	4112	4432	3880	3596	1772	1901	3546	3365	3949	3698	3306	1403	1644	3133	3057	2731	2838	2626	1201	2407	2781	2949	2564	3428	2512	1199	1735	2802	3185	2891	3021	2723	1575	1205	2785	3096	3350	3361	2755	1865	2277	3757	3529	4659	4482	4577	2539	2856	6177	4878	4754	6050	5112	1792	4974	5814	7209	5674	5853	5633	1741	1576	2986	-110	5501	6653	4460	2401	2341	7547	5764	5440	4947	4189	3103	3353	6757	4302	7486	4165	3494	1535	2685	4922	3931	3858	3084	1242	1427	1344	4068	3908	3584	3390	1378	236	4687	3326	2906	3305	3678	2377	1175	1973	3284	2683	1708	3057	3375	1120	1668	3445	2937	3299	3484	2642	1120	1670	3079	3322	3426	3503	2551	974	1725	2999	3181	3213	3262	2391	1167	1461	3703	3499	3205	3678	2751	1353	1555	3662	3499	2380	4793	1578	1227	1740	4355	2831	2904	1885	3114	1264	1652	1599	6277	3840	4043	2786	1296	1969	4386	3278	2991	3401	3229	1475	941	4368	2914	3363	3259	2858	1619	1635	3088	1591	2914	2978	2645	1088	1313	3091	2338	2988	2612	2669	965	1033	2477	2773	2389	2152	1925	711	764	1688	2648	1963	2380	1704	765	1026	2350	2051	1887	1590	1425	655	890	1508	1710	1483	1817	1521	544	747	2038	1801	1811	1525	1339	644	906	2030	1495	1679	2167	1582	571	843	1960	1626	2000	1563	1398	521	734	1504	1297	1237	1261	1043	467	825	1335	680	1642	297	201	217	176	421	257	414	364	314
SE	0	0	0	0	0	0	0	0	0	0	0	0	0	0	0	0	0	0	1	0	4	0	1	0	1	3	0	0	5	1	0	0	0	0	2	1	3	2	3	5	0	0	4	3	1	2	2	0	1	1	2	5	5	13	15	6	25	1	17	10	9	21	36	69	57	116	64	84	129	42	126	100	216	224	150	183	29	232	236	226	374	267	208	223	401	310	457	188	209	183	134	287	177	244	306	343	194	234	322	434	211	377	395	318	437	399	489	441	478	1332	1102	1707	635	497	531	470	641	536	399	499	470	728	827	1411	1102	396	594	1201	0	1574	1575	456	501	922	850	926	1297	1333	1585	590	946	972	1087	662	1184	2171	816	1051	1030	1257	1735	1132	339	1009	1397	1205	1470	1029	1011	311	444	590	917	1742	0	543	422	281	481	410	945	415	476	296	316	386	368	435	343	407	220	134	320	296	377	440	241	137	111	193	210	251	201	248	109	106	125	150	265	259	120	68	213	157	139	218	104	108	101	200	120	160	250	124	190	166	89	108	160	195	144	223	193	185	145	167	265	288	256	395	79	259	193	306	192	194	445	476	261	525	313	268	239	148	69	102	83	123	66	89	36	129	86	132	101	243	173	151	100	97	69	161	89	87	65	101	127	88	251	235	242	159	229	323	300	561	338	508	491	150	238	534	798	75	61	2597	723	319	853	644	572	910	679	602	618	777	558	104	1232	913	471	592	655	1223	825	445	777	1058	803	931	770	1039	372	769	951	1143	1039	1227	1217	960	1372	1242	440	666	1262	1145	366	680	459	651	781	737	812	502	492	826	348	553	829	895	519	618	770	424	612	388	394	267	351	841	609	828	499	437	656	536	648	417	464	279	429	333	427	346	255	450	560	405	491	878	592	364	619	496	549	144	1209	725	382	597	252	195	716	549	1057	516	1468	810	877	1062	1326	701	1119	800	922	955	848	440	1185	807	907	982	775	904	1040	977	512	693	829	702	1098	1001	846	1059	965	673	1003	914	661	1303	1005	729	1041	879	802	706	863	1181	1281	1100	655	1257	1098	1075	872	1245	1031	1075	887	713	836	1193	702	899	1169	717	955	1100	1004	1012	923	924	1323	1468	1293	1109	1111	1866	1619	1677	1588	1385	1371	1124	897	851	1561	1365	1259	972	836	1349	922	1130	1309	902	662	806	635	1263	816	472	1018	659	580	629	1071	608	475	317	350	398	701	585	480	647	348	317	517	489	633	275	299	275	120	370	509	395	147	216	177	527	382	299	457	169	202	282	119	180	234	161	238	333	137	249	116	236	140	76	69	158	442	286	149	131	37	44	9	17	63	55	36	32	110	7	33	56	66	18	16	27	32	13	15	32	26	16	22	12	11	11	11	14	18	10	16	17	61	44	28	16
SP	1	0	0	1	0	0	0	0	1	3	4	3	3	0	3	11	16	10	9	71	16	12	77	45	110	63	172	114	65	52	191	170	183	45	66	822	642	525	542	418	154	246	816	1026	772	736	203	336	140	476	1672	525	1273	1053	373	313	805	529	826	1086	2178	711	981	2345	2117	2540	1676	800	598	415	1866	3800	2075	1902	2581	1033	687	1588	3378	3189	4092	2805	1162	721	2929	3864	3880	3132	3687	1603	1464	2392	3466	6382	5691	5586	2556	1598	6999	5188	5717	5365	5984	2524	1520	5545	6178	6204	5380	4975	5327	3258	8825	1232	1111	19030	4135	3392	2788	7502	9347	9765	9921	7073	6156	3408	6235	8555	12244	8523	1828	7649	2891	9638	8657	8350	9395	7780	5107	2610	12000	6569	8872	5367	4612	3022	1385	6235	16777	12561	11211	16263	4501	3672	12647	13896	14809	13298	10014	6367	1533	15371	9676	13405	9709	13352	5395	1289	11147	15619	19274	11667	11408	1963	3172	8865	9847	9451	5132	13284	4885	2351	9190	10465	8318	11756	5213	1982	938	10033	11956	11647	7038	8069	2637	1608	1453	7793	8178	8055	7881	1567	1092	7922	8157	7393	7711	7141	3627	2032	8090	6551	6267	6681	5967	1349	905	6377	6109	6097	5608	6096	473	677	6260	5916	5649	5786	6626	2844	684	685	6031	6553	5627	5394	968	437	4923	4299	3678	6702	5614	2725	863	5364	5375	5278	4928	2339	1020	648	749	4755	2637	0	0	0	0	21515	3421	5780	6130	4640	1218	737	8698	6421	6794	9058	5087	4153	1037	5219	8900	4523	4320	4507	2379	1180	8937	9114	8208	8237	8938	2675	1116	7923	9784	9786	8791	8601	940	2313	4412	0	20303	9922	12447	0	3943	10714	10383	9351	3596	1253	2836	1576	12477	11849	10219	3894	1762	3469	2248	12881	14534	14073	13794	11561	5619	3010	12702	15275	13710	15016	13774	5720	2933	15953	14411	12118	9005	14596	5072	2867	12959	16041	14776	13887	13067	4344	2354	14297	12990	13932	12222	11923	4248	2442	13201	13825	11167	11605	9837	2187	2316	11496	11302	10747	11105	10859	4504	2550	12077	12086	11889	11596	11142	4361	3071	10168	13749	12236	13072	13763	6051	4224	16058	15541	14505	15720	15344	7853	5259	17684	17942	17492	18673	18028	8265	4775	20942	20395	18447	21489	18124	9602	5220	21360	23169	26567	16762	7026	7196	4647	22794	21521	21004	20701	17311	8156	5310	18397	18790	18067	17979	17746	6394	4083	19060	17123	7267	17812	16271	6488	3912	17992	17013	14920	15551	14335	5323	3149	15464	14230	13470	14502	13100	5785	3183	16318	15672	15649	15915	15486	7554	4001	15779	16788	17936	16511	16736	7510	4622	17477	16671	12782	1583	13653	11037	6113	19466	23122	19733	3898	16939	9959	5074	8022	4192	23033	22875	21221	9272	5309	23227	22582	15054	27706	20483	9582	4854	23097	19508	17951	20994	18932	7965	4285	19208	7762	15943	19467	16650	6451	4231	19132	14889	14453	14712	7684	5218	3122	10546	16237	12196	11475	17095	2783	3144	4798	18435	13093	12086	5896	3994	2471	11877	11636	11313	10103	9390	3873	1939	9942	10490	10099	10557	8973	3726	1798	10455	8701	9244	8898	8024	3906	2048	8607	8317	8001	7111	6844	3190	1942	8349	6698	6836	7635	6403	3042	1808	7360	6454	6120	6714	6471	2016	1534	3156	2080	951	671	778	678	337	881	986	22678	23586	1448
TO	0	0	0	0	0	0	0	0	0	0	0	0	0	0	0	0	0	0	0	0	0	0	1	0	0	1	3	2	0	0	1	1	0	1	1	1	0	0	1	3	1	2	0	4	0	0	2	1	0	1	2	2	1	1	1	1	2	0	6	7	8	9	12	37	21	27	27	55	21	36	48	72	71	79	115	59	81	104	97	150	100	103	114	150	163	167	229	225	0	266	0	162	419	0	334	370	195	169	138	215	484	323	139	0	408	205	272	215	187	41	165	172	264	201	182	247	151	123	289	332	327	256	285	262	131	405	458	232	282	546	194	164	364	436	405	664	430	193	175	416	308	641	282	255	564	125	456	496	573	542	955	847	339	745	666	761	546	522	1088	564	666	648	1227	819	745	560	626	758	719	643	994	1075	511	867	989	987	954	1062	991	757	677	1127	964	1194	1022	1071	722	321	935	496	813	1075	1062	438	393	317	461	1215	759	737	327	313	690	546	412	815	669	256	121	729	514	567	640	522	194	155	0	1138	603	402	390	21	59	109	382	378	357	344	88	59	74	355	360	351	236	23	130	341	249	252	336	216	66	45	271	337	269	319	144	56	23	32	311	184	415	149	66	55	235	211	222	260	184	105	92	195	254	260	280	262	94	98	282	324	232	267	549	203	163	340	323	356	344	305	111	133	404	333	356	326	309	113	164	182	449	405	386	324	183	217	375	306	363	240	161	149	121	384	253	311	178	56	111	157	370	366	404	446	470	183	162	634	486	564	558	555	332	199	607	594	462	535	503	195	138	581	505	411	546	442	109	131	442	425	401	334	452	190	145	447	393	421	496	480	189	77	320	272	565	499	622	323	236	684	609	684	769	771	330	543	874	697	874	816	516	698	381	905	1004	1194	1111	1185	670	739	962	1165	1281	1285	941	654	631	1126	842	1002	1108	1078	634	254	924	957	938	580	579	250	329	900	823	1132	725	521	313	282	922	941	1033	666	775	267	300	875	638	366	809	503	214	234	0	1442	810	574	733	236	287	766	583	820	700	619	238	245	656	615	853	617	584	250	313	534	585	835	829	1127	368	318	987	735	616	1036	663	322	510	900	853	815	605	669	366	420	311	1315	1044	918	870	423	447	884	658	749	926	696	359	277	855	710	622	691	595	235	199	558	370	514	653	419	233	195	593	427	504	647	394	183	256	370	419	538	369	482	232	187	317	442	609	524	368	215	269	403	523	451	401	402	171	358	323	372	459	445	272	159	117	411	216	367	348	289	143	146	407	302	300	324	288	0	432	234	338	354	329	317	133	136	250	243	307	281	202	96	110	136	82	0	22	449	128	87	259	223	210	252	170	106
TOTAL	1	0	0	1	0	0	0	0	1	4	7	5	6	0	9	19	36	17	36	83	54	54	181	129	331	224	396	358	303	311	424	486	479	360	348	1161	1107	1169	1112	1169	1043	838	1821	2175	1937	1742	1055	1464	1412	1909	3242	2082	3296	2778	2022	1740	2742	2744	3875	3911	5298	3715	4145	6233	6199	7327	5539	4915	4443	6982	7408	10544	9732	10407	10155	6259	6223	9613	11694	14133	15460	14048	7663	14559	17489	20232	18137	21807	16997	14468	12807	16327	20199	28337	26890	32321	13223	15149	31677	26085	31954	32101	23790	17988	17338	31698	33790	28692	24282	21230	16794	24617	36983	30925	25520	56059	28857	16567	26495	39527	41033	41464	44884	36920	32883	21550	39680	46825	44401	43040	33567	25193	24454	46699	45250	42962	44311	34947	23658	22893	42922	40142	43683	34618	25753	23412	22753	46927	66150	57326	56903	47535	22673	28011	54004	55451	58055	53264	41541	24066	20106	56283	56169	53989	49403	46389	22730	26506	50520	54954	60713	49407	36881	23006	24397	49264	48603	42974	32326	45908	21873	23513	46307	48152	42260	44088	37291	14534	50225	44329	46453	46809	39539	33857	14672	9516	18786	37087	40761	41533	30800	14020	20611	34552	37297	36405	39731	29558	15442	17635	34967	32726	32015	32310	24718	13787	16871	32848	32901	35783	32818	23008	8715	26053	31526	30938	26830	27733	23744	12191	8636	13359	27844	30426	28596	20776	12051	16579	23766	25856	24764	30001	24984	12254	18611	29982	28351	26700	24353	13170	10188	8249	14582	23316	23845	20200	17744	10502	13414	46424	26247	33919	38718	26278	13906	15744	35490	34752	35862	38770	30222	17926	18158	34533	44628	40885	33508	51485	21012	23695	51985	48475	50139	47671	40282	26430	27024	47796	54591	53550	52550	42324	22029	27380	48032	66124	68699	52853	48242	24484	27645	56665	45679	58211	21183	17533	17614	27437	56371	55600	54469	22939	15353	17190	25039	58083	62507	87969	59586	51393	29027	30747	64424	59827	68329	69097	58445	31416	28933	62149	64477	58950	56605	58298	28519	30530	61608	64772	60760	59503	53114	27900	28490	56278	54414	57107	51690	46310	26162	28586	51217	61108	53604	48942	44856	30723	25808	65284	47225	53479	52157	52371	29485	31846	63585	65386	68279	63395	58418	33365	40385	59695	72899	76022	72505	66904	81684	36585	71294	81467	77071	82471	70343	43448	44314	85645	88652	87926	88259	73154	47445	55970	85208	90906	98261	80346	81703	46958	42615	86441	88725	87773	69375	39355	32318	42674	85132	88696	88555	88110	66552	39175	39650	82661	74606	71183	84387	68565	38838	36522	72643	73988	48108	69281	63781	33641	32398	75844	77279	68614	72008	58292	29288	38989	69535	76372	72290	76844	61761	32720	36301	70106	76248	80030	77914	67351	37564	35598	74805	80263	83387	76631	67896	38495	37480	74041	80245	64531	53888	75863	41449	36607	78913	96278	76067	43171	61667	40343	39716	55713	84867	91244	86312	73773	36984	42692	87141	86528	76492	95444	77934	44587	45410	124248	77396	76624	75061	60665	31980	32059	65956	47143	61130	63572	53733	25462	27935	61683	54167	54147	58452	44121	19147	19233	48566	56097	54398	42915	49030	16747	16756	31149	55836	48681	107120	34648	18256	21442	43591	47049	41321	40378	35088	20353	18875	32496	40537	39484	42671	39533	13894	15542	35462	35443	35858	32995	29302	13767	18190	39006	40171	36013	34213	25322	13945	15654	31809	29979	30923	27756	22947	11263	12801	26846	25748	27023	23604	20325	12661	10172	13604	14182	32823	16455	13762	7861	8648	13571	13276	35447	35337	124878
